player,G,Cmp,Att,Cmp%,Yds,TD,TD%,Int,Int%,Y/A,AY/A,Y/C,Y/G,Rate,ht_in,wt,college,draft_yr,round,pick,nfl_success,win_success,stats_success,metrics_success,longevity_success,superbowl_success
Greg Cook,29,332,655,50.7,4906,34,5.2,35,5.3,7.5,6.12,14.8,169.2,120.0,76.0,220.0,Cincinnati,1969,1,5,0,0,0,0,0,0
Marty Domres,27,368,702,52.4,4492,24,3.4,38,5.4,6.4,4.65,12.2,166.4,106.6,76.0,220.0,Columbia,1969,1,9,0,0,0,0,1,0
Terry Hanratty,29,304,550,55.3,4152,27,4.9,34,6.2,7.5,5.75,13.7,143.2,122.5,73.0,210.0,Notre Dame,1969,2,30,0,0,0,0,0,1
Bobby Douglass,30,183,379,48.3,2817,20,5.3,20,5.3,7.4,6.11,15.4,93.9,117.6,76.0,225.0,Kansas,1969,2,41,0,0,0,0,1,0
Al Woodall,20,118,221,53.4,1501,4,1.8,13,5.9,6.8,4.51,12.7,75.1,104.7,77.0,205.0,Duke,1969,2,52,0,0,0,0,0,0
Bob Naponic,30,166,404,41.1,1937,7,1.7,19,4.7,4.8,3.02,11.7,64.6,77.7,72.0,190.0,Illinois,1969,10,256,0,0,0,0,0,0
Brian Dowling,27,148,280,52.9,2327,30,10.7,20,7.1,8.3,7.24,15.7,86.2,143.7,74.0,210.0,Yale,1969,11,277,0,1,0,0,0,0
Gary Beban,30,235,444,52.9,3940,23,5.2,23,5.2,8.9,7.58,16.8,131.3,134.2,73.0,195.0,UCLA,1968,2,30,0,0,0,0,0,0
Mike Livingston,30,207,370,55.9,2432,16,4.3,21,5.7,6.6,4.88,11.7,81.1,114.1,76.0,212.0,SMU,1968,2,48,1,0,0,0,1,1
Ken Stabler,30,180,303,59.4,2196,18,5.9,18,5.9,7.2,5.76,12.2,73.2,128.0,75.0,215.0,Alabama,1968,2,52,1,1,1,1,1,1
Billy Stevens,29,426,943,45.2,6495,51,5.4,65,6.9,6.9,4.87,15.2,224.0,107.1,74.0,195.0,Texas-El Paso,1968,3,67,0,0,0,0,0,0
Kim Hammond,30,196,351,55.8,2777,19,5.4,15,4.3,7.9,7.07,14.2,92.6,131.6,73.0,190.0,Florida St.,1968,6,142,0,0,0,0,0,0
Dewey Warren,30,258,440,58.6,3339,27,6.1,16,3.6,7.6,7.18,12.9,111.3,135.4,72.0,205.0,Tennessee,1968,6,155,0,0,0,0,0,0
Dan Darragh,30,268,533,50.3,3361,30,5.6,32,6.0,6.3,4.73,12.5,112.0,109.8,75.0,196.0,William & Mary,1968,13,336,0,0,0,0,0,0
Steve Spurrier,30,392,692,56.6,4848,36,5.2,31,4.5,7.0,6.03,12.4,161.6,123.7,74.0,204.0,Florida,1967,1,3,0,0,0,0,1,0
Bob Griese,29,348,609,57.1,4402,28,4.6,29,4.8,7.2,6.00,12.6,151.8,123.5,73.0,190.0,Purdue,1967,1,4,1,1,1,1,1,1
Virgil Carter,30,327,736,44.4,5125,50,6.8,43,5.8,7.0,5.69,15.7,170.8,113.7,73.0,192.0,BYU,1967,6,142,0,0,0,0,0,0
Paul Krause,26,1,1,100.0,-3,0,0.0,0,0.0,-3.0,-3.00,-3.0,-0.1,74.8,75.0,200.0,Iowa,1964,2,18,1,0,1,0,1,0
Rick Norton,30,298,598,49.8,4514,26,4.3,44,7.4,7.5,5.11,15.1,150.5,112.9,74.0,200.0,Kentucky,1966,1,2,0,0,0,0,0,0
Tim Van Galder,30,259,578,44.8,3417,12,2.1,36,6.2,5.9,3.52,13.2,113.9,88.9,74.0,200.0,New Mex. Mil. Inst.,1966,2,13,0,0,0,0,0,0
Steve Sloan,30,142,234,60.7,2027,11,4.7,5,2.1,8.7,8.64,14.3,67.6,144.7,72.0,185.0,Alabama,1966,11,156,0,0,0,0,0,0
Joe Namath,30,203,374,54.3,2713,25,6.7,19,5.1,7.3,6.30,13.4,90.4,127.1,74.0,200.0,Alabama,1965,1,2,1,0,1,1,1,1
Joe Namath,30,203,374,54.3,2713,25,6.7,19,5.1,7.3,6.30,13.4,90.4,127.1,74.0,200.0,Alabama,1965,1,2,1,0,1,1,1,1
Craig Morton,30,355,641,55.4,4501,36,5.6,31,4.8,7.0,5.97,12.7,150.0,123.2,76.0,214.0,California,1965,1,5,1,0,1,1,1,1
John Huarte,29,138,255,54.1,2343,17,6.7,11,4.3,9.2,8.58,17.0,80.8,144.7,72.0,185.0,Notre Dame,1965,2,12,0,0,0,0,0,0
John Huarte,29,138,255,54.1,2343,17,6.7,11,4.3,9.2,8.58,17.0,80.8,144.7,72.0,185.0,Notre Dame,1965,2,12,0,0,0,0,0,0
Gary Lane,30,146,338,43.2,2034,14,4.1,26,7.7,6.0,3.38,13.9,67.8,92.0,73.0,210.0,Missouri,1965,2,16,0,0,0,0,0,0
Steve Tensi,30,252,472,53.4,3384,28,5.9,21,4.4,7.2,6.35,13.4,112.8,124.3,77.0,215.0,Florida St.,1965,4,30,0,0,0,0,1,0
Karl Sweetan,10,79,218,36.2,674,1,0.5,14,6.4,3.1,0.29,8.5,67.4,50.9,73.0,203.0,Texas A&M,1965,18,249,0,0,0,0,0,0
Pete Beathard,30,152,318,47.8,2184,14,4.4,15,4.7,6.9,5.63,14.4,72.8,110.6,73.0,200.0,USC,1964,1,2,0,0,0,0,1,0
Bill Munson,30,162,298,54.4,2258,16,5.4,9,3.0,7.6,7.29,13.9,75.3,129.7,74.0,203.0,Utah St.,1964,1,7,1,0,0,1,1,0
George Mira,30,375,766,49.0,4727,28,3.7,36,4.7,6.2,4.79,12.6,157.6,103.5,72.0,190.0,Miami (FL),1964,2,15,0,0,0,0,0,0
Jack Concannon,29,192,396,48.5,2940,23,5.8,18,4.5,7.4,6.54,15.3,101.4,120.9,75.0,205.0,Boston Col.,1964,1,1,0,0,0,0,1,0
Dick Shiner,30,287,536,53.5,3410,21,3.9,35,6.5,6.4,4.21,11.9,113.7,106.9,72.0,201.0,Maryland,1964,7,87,0,0,0,0,0,0
Gary Wood,27,135,311,43.4,1891,18,5.8,18,5.8,6.1,4.63,14.0,70.0,102.0,71.0,192.0,Cornell,1964,8,109,0,0,0,0,0,0
Larry Rakestraw,30,249,514,48.4,3142,19,3.7,42,8.2,6.1,3.18,12.6,104.7,95.6,74.0,195.0,Georgia,1964,11,87,0,0,0,0,0,0
Roger Staubach,30,293,463,63.3,3571,18,3.9,19,4.1,7.7,6.64,12.2,119.0,132.7,75.0,197.0,New Mex. Mil. Inst.,1964,16,122,1,1,1,1,1,1
Bob Berry,30,271,494,54.9,4148,37,7.5,24,4.9,8.4,7.71,15.3,138.3,140.4,71.0,185.0,Oregon,1964,11,142,0,0,0,0,1,0
Jerry Rhome,30,448,713,62.8,5472,43,6.0,23,3.2,7.7,7.43,12.2,182.4,140.8,72.0,190.0,SMU,1964,13,172,0,0,0,0,0,0
Terry Baker,30,233,454,51.3,3476,23,5.1,25,5.5,7.7,6.19,14.9,115.9,121.3,75.0,200.0,Oregon St.,1963,1,1,0,1,0,0,0,0
Don Trull,30,325,593,54.8,4143,28,4.7,29,4.9,7.0,5.73,12.7,138.1,119.3,73.0,195.0,Baylor,1963,14,111,0,0,0,0,0,0
Pete Liske,30,195,355,54.9,2370,24,6.8,10,2.8,6.7,6.76,12.2,79.0,127.7,75.0,200.0,Penn St.,1963,15,115,0,0,0,0,0,0
Bill Nelsen,30,102,232,44.0,1748,15,6.5,10,4.3,7.5,6.89,17.1,58.3,120.0,72.0,195.0,USC,1963,10,136,1,0,0,1,1,0
Mike Taliaferro,36,115,294,39.1,1596,7,2.4,27,9.2,5.4,1.77,13.9,44.3,74.2,74.0,202.0,Illinois,1963,10,138,0,0,0,0,1,0
Daryle Lamonica,30,99,211,46.9,1363,8,3.8,16,7.6,6.5,3.81,13.8,45.4,98.5,75.0,215.0,Notre Dame,1963,12,168,1,0,1,1,1,0
Roman Gabriel,30,285,506,56.3,2951,19,3.8,20,4.0,5.8,4.80,10.4,98.4,109.8,77.0,220.0,North Carolina St.,1962,1,1,1,0,1,1,1,0
Roman Gabriel,30,285,506,56.3,2951,19,3.8,20,4.0,5.8,4.80,10.4,98.4,109.8,77.0,220.0,North Carolina St.,1962,1,1,1,0,1,1,1,0
John Hadl,30,92,194,47.4,1277,12,6.2,13,6.7,6.6,4.80,13.9,42.6,109.7,73.0,214.0,Kansas,1962,1,10,1,0,1,1,1,0
Sonny Gibbs,30,207,417,49.6,2485,18,4.3,26,6.2,6.0,4.02,12.0,82.8,101.5,79.0,230.0,TCU,1962,2,18,0,0,0,0,0,0
Eddie Wilson,30,172,346,49.7,2790,23,6.6,20,5.8,8.1,6.79,16.2,93.0,127.8,72.0,190.0,Arizona,1962,3,19,0,0,0,0,0,0
Glynn Griffing,29,127,235,54.0,1757,23,9.8,12,5.1,7.5,7.14,13.8,60.6,138.9,73.0,200.0,Mississippi,1962,4,54,0,0,0,0,0,0
Norm Snead,30,272,601,45.3,4040,27,4.5,47,7.8,6.7,4.10,14.9,134.7,100.9,76.0,215.0,Wake Forest,1961,1,2,1,0,1,1,1,0
Fran Tarkenton,30,186,317,58.7,2100,18,5.7,20,6.3,6.6,4.92,11.3,70.0,120.4,72.0,190.0,Georgia,1961,3,29,1,1,1,1,1,0
Ron Miller,18,201,386,52.1,2838,19,4.9,27,7.0,7.4,5.19,14.1,157.7,116.1,72.0,190.0,Wisconsin,1961,3,41,0,0,0,0,0,0
Terry Nofsinger,30,56,125,44.8,749,5,4.0,14,11.2,6.0,1.75,13.4,25.0,85.9,76.0,215.0,Utah,1961,17,230,0,0,0,0,0,0
Richie Lucas,29,121,256,47.3,1822,12,4.7,16,6.3,7.1,5.24,15.1,62.8,110.0,72.0,190.0,Penn St.,1960,1,4,0,0,0,0,0,0
Warren Rabb,30,86,183,47.0,1030,11,6.0,12,6.6,5.6,3.88,12.0,34.3,101.0,75.0,204.0,LSU,1960,2,15,0,0,0,0,0,0
Don Meredith,30,241,395,61.0,3130,25,6.3,23,5.8,7.9,6.57,13.0,104.3,136.8,75.0,210.0,SMU,1960,3,32,1,0,1,1,1,0
Charley Johnson,20,214,398,53.8,2960,31,7.8,6,1.5,7.4,8.32,13.8,148.0,138.9,73.0,200.0,Schreiner College,1960,8,64,1,0,1,1,1,0
Dean Look,27,57,121,47.1,924,10,8.3,6,5.0,7.6,7.06,16.2,34.2,128.6,71.0,185.0,Michigan St.,1960,20,231,0,0,0,0,0,0
Randy Duncan,27,186,328,56.7,2615,23,7.0,24,7.3,8.0,6.08,14.1,96.9,132.2,72.0,185.0,Iowa,1959,1,1,0,0,0,0,0,0
Dave Baker,30,34,66,51.5,623,6,9.1,1,1.5,9.4,10.58,18.3,20.8,157.8,72.0,192.0,Oklahoma,1959,1,5,0,1,0,0,0,0
Lee Grosscup,21,162,261,62.1,2226,13,5.0,7,2.7,8.5,8.32,13.7,106.0,144.8,73.0,187.0,Washington,1959,1,10,0,0,0,0,0,0
Buddy Humphrey,30,155,292,53.1,1754,9,3.1,15,5.1,6.0,4.31,11.3,58.5,103.4,73.0,198.0,Baylor,1959,2,16,0,0,0,0,0,0
Richie Petitbon,20,79,167,47.3,878,5,3.0,13,7.8,5.3,2.35,11.1,43.9,85.8,75.0,206.0,Loyola (LA),1959,2,21,0,0,0,0,1,0
Dick Wood,20,38,87,43.7,577,8,9.2,8,9.2,6.6,4.33,15.2,28.9,111.3,77.0,205.0,Auburn,1959,12,144,0,0,0,0,1,0
Joe Kapp,30,146,286,51.0,1896,7,2.4,28,9.8,6.6,2.71,13.0,63.2,95.2,74.0,215.0,California,1959,18,209,0,0,0,0,1,0
King Hill,20,91,167,54.5,1467,8,4.8,13,7.8,8.8,6.24,16.1,73.4,128.5,75.0,212.0,Rice,1958,1,1,0,0,0,0,0,0
Jim Ninowski,18,58,110,52.7,955,10,9.1,6,5.5,8.7,8.05,16.5,53.1,144.7,73.0,206.0,Michigan St.,1958,4,49,0,0,0,0,0,0
Frank Ryan,20,81,143,56.6,997,8,5.6,9,6.3,7.0,5.26,12.3,49.9,121.1,75.0,199.0,Rice,1958,5,55,1,0,1,1,1,0
Bob Brodhead,29,90,198,45.5,1139,7,3.5,19,9.6,5.8,2.14,12.7,39.3,86.3,74.0,207.0,Duke,1958,12,144,0,0,0,0,0,0
John Brodie,10,139,240,57.9,1633,12,5.0,14,5.8,6.8,5.18,11.7,163.3,119.9,73.0,198.0,Stanford,1957,1,3,1,0,1,1,1,0
Len Dawson,9,69,130,53.1,856,7,5.4,10,7.7,6.6,4.20,12.4,95.1,110.8,72.0,190.0,Purdue,1957,1,5,1,0,1,1,1,1
Milt Plum,27,60,133,45.1,961,8,6.0,16,12.0,7.2,3.02,16.0,35.6,101.6,73.0,205.0,Penn St.,1957,2,17,1,0,1,1,1,0
Sonny Jurgensen,10,28,59,47.5,371,2,3.4,6,10.2,6.3,2.39,13.3,37.1,91.1,71.0,202.0,Duke,1957,4,43,1,0,1,1,1,0
Bart Starr,43,155,285,54.4,1903,10,3.5,20,7.0,6.7,4.22,12.3,44.3,108.0,73.0,197.0,Alabama,1956,17,200,1,0,1,1,1,1
Jim Miller,35,452,718,63.0,4844,17,2.4,28,3.9,6.7,5.47,10.7,138.4,119.6,74.0,226.0,Michigan St.,1994,6,178,0,0,0,0,0,0
Jim Miller,35,452,718,63.0,4844,17,2.4,28,3.9,6.7,5.47,10.7,138.4,119.6,74.0,226.0,Michigan St.,1994,6,178,0,0,0,0,0,0
Ralph Guglielmi,40,208,435,47.8,3073,18,4.1,25,5.7,7.1,5.31,14.8,76.8,109.3,73.0,196.0,Notre Dame,1955,1,4,0,0,0,0,0,0
Lamar McHan,30,186,421,44.2,2574,19,4.5,42,10.0,6.1,2.53,13.8,85.8,90.5,73.0,201.0,Arkansas,1954,1,2,0,0,0,0,1,0
Zeke Bratkowski,32,360,734,49.0,4863,24,3.3,68,9.3,6.6,3.11,13.5,152.0,97.0,74.0,210.0,Georgia,1953,2,17,1,0,0,0,1,1
Rudy Bukich,20,49,110,44.5,634,8,7.3,10,9.1,5.8,3.13,12.9,31.7,98.8,73.0,195.0,Iowa,1953,2,24,0,0,0,0,1,0
Frank Tripucka,38,80,141,56.7,1122,14,9.9,12,8.5,8.0,6.11,14.0,29.5,139.3,74.0,192.0,Notre Dame,1949,1,9,0,0,0,0,1,0
Harry Gilmer,20,126,248,50.8,1835,18,7.3,13,5.2,7.4,6.49,14.6,91.8,126.4,72.0,169.0,Alabama,1948,1,1,0,0,0,0,0,0
Bobby Layne,63,115,54.8,965,9,7.8,7,6.1,8.4,7.22,15.3,96.5,138.9,,73.0,201.0,Texas,1948,1,3,1,0,1,0,1,0
George Ratterman,19,17,47,36.2,333,3,6.4,7,14.9,7.1,1.66,19.6,17.5,87.0,72.0,192.0,Notre Dame,1948,16,139,0,0,0,0,1,0
Johnny Lujack,28,144,280,51.4,2080,18,6.4,24,8.6,7.4,4.86,14.4,74.3,117.9,72.0,186.0,Notre Dame,1946,1,4,0,0,0,0,1,0
Jack Thompson,44,601,1086,55.3,7818,53,4.9,49,4.5,7.2,6.14,13.0,177.7,122.9,75.0,217.0,Washington St.,1979,1,3,0,0,0,0,0,0
Steve Fuller,44,268,511,52.4,4078,22,4.3,17,3.3,8.0,7.34,15.2,92.7,127.0,76.0,198.0,Clemson,1979,1,23,1,0,0,0,1,1
Joe Montana,27,268,515,52.0,4121,25,4.9,25,4.9,8.0,6.79,15.4,152.6,125.6,74.0,200.0,Notre Dame,1979,3,82,1,1,1,0,1,1
Steve Dils,22,274,433,63.3,3278,23,5.3,15,3.5,7.6,7.07,12.0,149.0,137.5,73.0,190.0,Stanford,1979,4,97,0,0,0,0,0,0
Chuck Fusina,36,371,664,55.9,5382,37,5.6,32,4.8,8.1,7.05,14.5,149.5,132.7,73.0,197.0,Penn St.,1979,5,133,0,1,0,0,0,0
Jeff Rutledge,44,207,372,55.6,3351,30,8.1,23,6.2,9.0,7.84,16.2,76.2,145.6,73.0,195.0,Alabama,1979,9,246,0,0,0,0,0,1
Doug Williams,11,181,352,51.4,3286,38,10.8,18,5.1,9.3,9.19,18.2,298.7,155.2,76.0,220.0,Grambling St.,1978,1,17,1,0,1,1,1,1
Matt Cavanaugh,31,172,307,56.0,2799,26,8.5,15,4.9,9.1,8.61,16.3,90.3,150.8,74.0,212.0,Pittsburgh,1978,2,50,0,0,0,0,0,1
Guy Benjamin,42,488,808,60.4,5946,45,5.6,43,5.3,7.4,6.08,12.2,141.6,129.9,76.0,210.0,Stanford,1978,2,51,1,1,0,0,0,1
Mark Miller,45,454,851,53.3,5919,33,3.9,38,4.5,7.0,5.72,13.0,131.5,115.6,74.0,176.0,Bowling Green,1978,3,68,0,0,0,0,0,0
Gifford Nielsen,33,415,708,58.6,5830,55,7.8,29,4.1,8.2,7.94,14.0,176.7,145.2,76.0,205.0,BYU,1978,3,73,0,0,0,0,0,0
Pat Ryan,33,31,76,40.8,405,1,1.3,5,6.6,5.3,2.63,13.1,12.3,76.7,75.0,210.0,Tennessee,1978,11,281,0,0,0,0,0,0
Steve Pisarkiewicz,33,236,509,46.4,3413,23,4.5,22,4.3,6.7,5.66,14.5,103.4,109.0,74.0,205.0,Missouri,1977,1,19,0,0,0,0,0,0
Tommy Kramer,44,507,1036,48.9,6197,37,3.6,52,5.0,6.0,4.44,12.2,140.8,100.9,74.0,200.0,Rice,1977,1,27,1,0,1,1,1,0
Vince Ferragamo,45,349,641,54.4,4878,43,6.7,33,5.1,7.6,6.63,14.0,108.4,130.2,75.0,212.0,California,1977,4,91,0,0,0,0,1,0
Randy Dean,32,188,377,49.9,2699,11,2.9,17,4.5,7.2,5.71,14.4,84.3,110.6,75.0,195.0,Northwestern,1977,5,117,0,0,0,0,0,0
Cliff Olander,33,97,216,44.9,1307,7,3.2,11,5.1,6.1,4.41,13.5,39.6,96.2,77.0,191.0,New Mexico St.,1977,5,128,0,0,0,0,0,0
Vince Evans,33,116,272,42.6,1893,13,4.8,14,5.1,7.0,5.60,16.3,57.4,106.6,74.0,215.0,USC,1977,6,140,0,0,0,0,1,0
David Whitehurst,44,245,468,52.4,3122,22,4.7,25,5.3,6.7,5.21,12.7,71.0,113.2,74.0,204.0,Furman,1977,8,206,0,0,0,0,1,0
Matt Robinson,33,125,274,45.6,2295,17,6.2,20,7.3,8.4,6.33,18.4,69.5,121.9,74.0,196.0,Georgia,1977,9,227,0,0,0,0,0,0
Sam Adkins,33,336,661,50.8,3822,13,2.0,24,3.6,5.8,4.54,11.4,115.8,98.6,74.0,214.0,Wichita St.,1977,10,254,0,0,0,0,0,0
Richard Todd,33,101,189,53.4,1642,16,8.5,7,3.7,8.7,8.71,16.3,49.8,146.9,74.0,207.0,Alabama,1976,1,6,1,0,1,1,1,0
Craig Penrose,22,330,584,56.5,4343,25,4.3,33,5.7,7.4,5.75,13.2,197.4,121.8,75.0,211.0,Colorado,1976,4,107,0,0,0,0,0,0
Mike Kirkland,33,96,202,47.5,1262,4,2.0,16,7.9,6.2,3.08,13.1,38.2,90.7,73.0,195.0,Arkansas,1976,5,143,0,0,0,0,0,0
Scott Bull,33,49,108,45.4,829,6,5.6,8,7.4,7.7,5.45,16.9,25.1,113.4,77.0,211.0,Arkansas,1976,6,177,0,0,0,0,0,0
Steve Bartkowski,33,313,619,50.6,4434,20,3.2,27,4.4,7.2,5.85,14.2,134.4,112.7,76.0,216.0,California,1975,1,1,1,0,1,1,1,0
Steve Grogan,33,166,371,44.7,2213,12,3.2,26,7.0,6.0,3.46,13.3,67.1,91.5,76.0,210.0,Kansas St.,1975,5,116,1,1,1,1,1,0
David Humm,33,353,637,55.4,5035,41,6.4,36,5.7,7.9,6.65,14.3,152.6,131.7,74.0,188.0,Nebraska,1975,5,128,0,0,0,0,0,1
Bob Avellini,33,231,394,58.6,3222,15,3.8,25,6.3,8.2,6.08,13.9,97.6,127.2,74.0,208.0,Maryland,1975,6,135,0,0,0,0,1,0
Pat Haden,33,207,405,51.1,2863,31,7.7,23,5.7,7.1,6.04,13.8,86.8,124.4,71.0,182.0,USC,1975,7,176,1,1,0,0,1,0
Carlos Brown,43,177,378,46.8,2108,8,2.1,24,6.3,5.6,3.14,11.9,49.0,88.0,75.0,210.0,Pacific,1975,12,296,0,0,0,0,0,0
Neal Jeffrey,33,321,603,53.2,4241,25,4.1,40,6.6,7.0,4.88,13.2,128.5,112.7,73.0,180.0,Baylor,1975,17,423,0,0,0,0,0,0
Danny White,33,345,649,53.2,5932,59,9.1,36,5.5,9.1,8.46,17.2,179.8,148.8,74.0,193.0,Arizona St.,1974,3,53,1,0,1,1,1,1
David Jaynes,33,389,754,51.6,5132,35,4.6,38,5.0,6.8,5.47,13.2,155.5,114.0,74.0,212.0,Kansas,1974,3,66,0,0,0,0,0,0
Gary Marangi,33,235,447,52.6,2739,19,4.3,23,5.1,6.1,4.66,11.7,83.0,107.8,73.0,201.0,Boston Col.,1974,3,70,0,0,0,0,0,0
Carl Summerell,32,198,427,46.4,2859,26,6.1,26,6.1,6.7,5.17,14.4,89.3,110.5,76.0,208.0,East Carolina,1974,4,80,0,0,0,0,0,0
Mike Boryla,33,337,637,52.9,4062,31,4.9,30,4.7,6.4,5.23,12.1,123.1,113.1,75.0,200.0,Stanford,1974,4,87,0,0,0,0,0,0
Norris Weese,32,165,320,51.6,1968,18,5.6,18,5.6,6.2,4.74,11.9,61.5,110.5,73.0,195.0,Mississippi,1974,4,99,0,0,0,0,0,0
Jesse Freitas,33,338,547,61.8,4408,28,5.1,33,6.0,8.1,6.37,13.0,133.6,134.3,73.0,203.0,Stanford,1974,6,133,0,0,0,0,0,0
Tom Owen,39,217,539,40.3,2788,13,2.4,45,8.3,5.2,1.90,12.8,71.5,75.0,73.0,195.0,Wichita St.,1974,13,322,0,0,0,0,0,0
Bert Jones,33,221,418,52.9,3255,28,6.7,16,3.8,7.8,7.40,14.7,98.6,132.7,75.0,210.0,LSU,1973,1,2,1,0,1,1,1,0
Gary Huff,33,436,793,55.0,6378,52,6.6,42,5.3,8.0,6.97,14.6,193.3,133.6,73.0,195.0,Florida St.,1973,2,33,0,0,0,0,0,0
Gary Keithley,30,268,475,56.4,3267,13,2.7,25,5.3,6.9,5.06,12.2,108.9,112.7,75.0,210.0,Texas,1973,2,45,0,0,0,0,0,0
Joe Ferguson,33,327,611,53.5,4431,24,3.9,32,5.2,7.3,5.68,13.6,134.3,116.9,73.0,195.0,Arkansas,1973,3,57,1,0,1,1,1,0
Dan Fouts,33,482,956,50.4,5995,37,3.9,54,5.6,6.3,4.50,12.4,181.7,104.6,75.0,204.0,Oregon,1973,3,64,1,0,1,1,1,0
Don Strock,33,440,829,53.1,6009,29,3.5,47,5.7,7.2,5.40,13.7,182.1,114.2,77.0,220.0,Virginia Tech,1973,5,111,0,0,0,0,0,0
John Hufnagel,32,225,408,55.1,3545,26,6.4,17,4.2,8.7,8.09,15.8,110.8,140.8,73.0,194.0,Penn St.,1973,14,348,0,0,0,0,0,0
Dennis Morrison,33,294,637,46.2,3428,18,2.8,38,6.0,5.4,3.26,11.7,103.9,88.8,75.0,211.0,Kansas St.,1973,14,357,0,0,0,0,0,0
Jerry Tagge,33,348,581,59.9,4704,32,5.5,19,3.3,8.1,7.73,13.5,142.5,139.5,74.0,220.0,Nebraska,1972,1,11,0,0,0,0,0,0
John Reaves,32,603,1128,53.5,7549,54,4.8,59,5.2,6.7,5.30,12.5,235.9,115.0,75.0,210.0,Florida,1972,1,14,0,0,0,0,0,0
Pat Sullivan,30,452,819,55.2,6284,53,6.5,39,4.8,7.7,6.82,13.9,209.5,131.5,72.0,198.0,Auburn,1972,2,40,0,0,0,0,0,0
Dean Carlson,22,246,505,48.7,3258,25,5.0,35,6.9,6.5,4.32,13.2,148.1,105.4,75.0,210.0,Iowa St.,1972,7,179,0,0,0,0,0,0
Neil Graff,31,273,551,49.5,3699,23,4.2,27,4.9,6.7,5.34,13.5,119.3,109.9,75.0,205.0,Wisconsin,1972,16,414,0,0,0,0,0,0
Jim Plunkett,31,530,962,55.1,7544,52,5.4,47,4.9,7.8,6.72,14.2,243.4,129.0,75.0,220.0,Stanford,1971,1,1,1,0,1,1,1,1
Archie Manning,28,402,761,52.8,4753,31,4.1,40,5.3,6.2,4.70,11.8,169.8,108.2,75.0,212.0,Mississippi,1971,1,2,1,0,1,1,1,0
Lynn Dickey,31,501,994,50.4,6208,29,2.9,64,6.4,6.2,3.93,12.4,200.3,99.6,75.0,214.0,Kansas St.,1971,3,56,1,0,1,1,1,0
Leo Hart,31,487,877,55.5,6116,23,2.6,32,3.6,7.0,5.86,12.6,197.3,115.5,75.0,203.0,Duke,1971,3,59,0,0,0,0,0,0
Joe Theismann,30,290,509,57.0,4411,31,6.1,35,6.9,8.7,6.79,15.2,147.0,136.1,72.0,192.0,Notre Dame,1971,4,99,1,0,1,1,1,1
Scott Hunter,31,382,672,56.8,4899,27,4.0,32,4.8,7.3,5.95,12.8,158.0,121.8,74.0,205.0,Alabama,1971,6,140,0,0,0,0,1,0
Joe Reed,28,203,430,47.2,2413,16,3.7,25,5.8,5.6,3.74,11.9,86.2,95.0,73.0,195.0,Baylor,1971,11,283,0,0,0,0,0,0
Bobby Scott,27,236,498,47.4,3371,30,6.0,26,5.2,6.8,5.62,14.3,124.9,113.7,73.0,201.0,Tennessee,1971,14,340,0,0,0,0,0,0
Mike Phipps,28,375,733,51.2,5423,37,5.0,34,4.6,7.4,6.32,14.5,193.7,120.7,75.0,208.0,Purdue,1970,1,3,0,0,0,0,1,0
Dennis Shaw,10,199,335,59.4,3185,39,11.6,26,7.8,9.5,8.34,16.0,318.5,162.2,75.0,217.0,USC,1970,2,30,0,0,0,0,1,0
Bill Cappleman,30,349,636,54.9,4904,39,6.1,29,4.6,7.7,6.89,14.1,163.5,130.8,75.0,210.0,Florida St.,1970,2,51,0,0,0,0,0,0
Steve Ramsey,29,491,1015,48.4,7076,69,6.8,67,6.6,7.0,5.36,14.4,244.0,116.2,74.0,210.0,North Texas,1970,5,126,0,0,0,0,0,0
Troy Aikman,44,401,637,63.0,5436,40,6.3,18,2.8,8.5,8.52,13.6,123.5,149.7,76.0,219.0,Oklahoma,1989,1,1,1,1,1,0,1,1
Mike Elkins,37,609,1109,54.9,7304,43,3.9,50,4.5,6.6,5.33,12.0,197.4,114.0,75.0,221.0,Wake Forest,1989,2,32,0,0,0,0,0,0
Anthony Dilweg,44,342,594,57.6,4557,27,4.5,24,4.0,7.7,6.76,13.3,103.6,128.9,75.0,215.0,Duke,1989,3,74,0,0,0,0,0,0
Erik Wilhelm,44,870,1480,58.8,9393,52,3.5,61,4.1,6.3,5.19,10.8,213.5,115.4,75.0,217.0,Oregon St.,1989,3,83,0,0,0,0,0,0
Jeff Graham,33,1,2,50.0,60,1,50.0,0,0.0,30.0,40.00,60.0,1.8,467.0,74.0,200.0,Ohio St.,1991,2,46,1,1,0,0,1,0
Rodney Peete,44,571,972,58.7,7640,52,5.3,32,3.3,7.9,7.45,13.4,173.6,135.8,72.0,230.0,USC,1989,6,141,1,0,1,0,1,0
Chris Chandler,29,326,597,54.6,4161,32,5.4,27,4.5,7.0,6.01,12.8,143.5,121.8,76.0,224.0,Washington,1988,3,76,1,0,1,0,1,0
Scott Secules,31,260,464,56.0,3388,18,3.9,16,3.4,7.3,6.53,13.0,109.3,123.3,75.0,220.0,Virginia,1988,6,151,0,0,0,0,0,0
Kerwin Bell,42,549,953,57.6,7585,56,5.9,35,3.7,8.0,7.48,13.8,180.6,136.5,75.0,207.0,Florida,1988,7,180,0,0,0,0,0,0
Vinny Testaverde,45,413,674,61.3,6058,48,7.1,25,3.7,9.0,8.74,14.7,134.6,152.9,77.0,235.0,Miami (FL),1987,1,1,1,0,1,0,1,0
Kelly Stouffer,32,577,1015,56.8,7142,36,3.5,38,3.7,7.0,6.06,12.4,223.2,120.2,75.0,210.0,Colorado St.,1987,1,6,0,0,0,0,0,0
Chris Miller,36,560,1015,55.2,6681,42,4.1,39,3.8,6.6,5.68,11.9,185.6,116.4,74.0,212.0,Oregon,1987,1,13,1,0,1,0,1,0
Jim Harbaugh,45,368,582,63.2,5214,31,5.3,19,3.3,9.0,8.55,14.2,115.9,149.5,75.0,215.0,Michigan,1987,1,26,1,0,1,0,1,0
Cody Carlson,44,366,705,51.9,5411,33,4.7,34,4.8,7.7,6.44,14.8,123.0,122.2,75.0,202.0,Baylor,1987,3,64,0,0,0,0,0,0
Mark Vlasic,45,118,207,57.0,1709,12,5.8,4,1.9,8.3,8.55,14.5,38.0,141.6,75.0,205.0,Iowa,1987,4,88,0,0,0,0,0,0
Steve Beuerlein,42,473,850,55.6,6527,27,3.2,44,5.2,7.7,5.98,13.8,155.4,120.3,75.0,220.0,Notre Dame,1987,4,110,1,0,1,0,1,1
Kevin Sweeney,56,731,1336,54.7,10623,66,4.9,48,3.6,8.0,7.32,14.5,189.7,130.6,72.0,191.0,Fresno St.,1987,7,180,0,0,0,0,0,0
Don Majkowski,33,286,579,49.4,3901,22,3.8,29,5.0,6.7,5.24,13.6,118.2,108.5,74.0,197.0,Virginia,1987,10,255,1,0,1,0,1,0
Jim Everett,55,550,923,59.6,7158,40,4.3,30,3.3,7.8,7.16,13.0,130.1,132.5,77.0,212.0,Purdue,1986,1,3,1,0,1,0,1,0
Chuck Long,56,692,1072,64.6,9210,64,6.0,46,4.3,8.6,7.85,13.3,164.5,147.8,76.0,217.0,Iowa,1986,1,12,0,0,0,0,0,0
Jack Trudeau,44,736,1151,63.9,8146,51,4.4,38,3.3,7.1,6.48,11.1,185.1,131.4,75.0,227.0,Illinois,1986,2,47,0,0,0,0,1,0
Bubby Brister,9,71,140,50.7,646,2,1.4,4,2.9,4.6,3.61,9.1,71.8,88.5,75.0,205.0,Tulane,1986,3,67,1,0,1,0,1,1
Hugh Millen,20,247,435,56.8,2616,11,2.5,23,5.3,6.0,4.14,10.6,130.8,105.1,77.0,216.0,Washington,1986,3,71,0,0,0,0,0,0
Mark Rypien,30,326,613,53.2,4573,28,4.6,29,4.7,7.5,6.24,14.0,152.4,121.5,76.0,231.0,Washington St.,1986,6,146,1,0,1,0,1,1
Stan Gelbaugh,24,251,454,55.3,3659,20,4.4,18,4.0,8.1,7.16,14.6,152.5,129.6,75.0,207.0,Maryland,1986,6,150,0,0,0,0,0,0
Randall Cunningham,34,596,1029,57.9,8020,59,5.7,29,2.8,7.8,7.67,13.5,235.9,136.7,76.0,212.0,UNLV,1985,2,37,1,1,1,0,1,0
Frank Reich,18,132,210,62.9,1704,10,4.8,7,3.3,8.1,7.57,12.9,94.7,140.1,76.0,210.0,Maryland,1985,3,57,0,0,0,0,0,0
Steve Bono,33,155,281,55.2,1875,10,3.6,10,3.6,6.7,5.78,12.1,56.8,115.8,76.0,215.0,UCLA,1985,6,142,1,0,0,0,1,1
Rusty Hilger,44,280,515,54.4,3640,21,4.1,22,4.3,7.1,5.96,13.0,82.7,118.7,76.0,205.0,Oklahoma St.,1985,6,143,0,0,0,0,0,0
Doug Flutie,44,677,1271,53.3,10579,67,5.3,54,4.2,8.3,7.47,15.6,240.4,132.1,70.0,180.0,Boston Col.,1985,11,285,1,0,1,0,1,0
Boomer Esiason,31,461,850,54.2,6259,42,4.9,27,3.2,7.4,6.92,13.6,201.9,126.0,77.0,224.0,Maryland,1984,2,38,1,0,1,0,1,0
Jeff Hostetler,44,314,609,51.6,4364,25,4.1,17,2.8,7.2,6.73,13.9,99.2,119.7,75.0,215.0,Penn St.,1984,3,59,1,0,1,0,1,1
Jay Schroeder,9,37,65,56.9,634,4,6.2,3,4.6,9.8,8.91,17.1,70.4,149.9,76.0,215.0,UCLA,1984,3,83,1,1,1,0,1,1
Steve Pelluer,42,436,755,57.7,4603,30,4.0,26,3.4,6.1,5.34,10.6,109.6,115.2,76.0,209.0,Washington,1984,5,113,0,0,0,0,0,0
Randy Wright,33,359,669,53.7,4697,34,5.1,32,4.8,7.0,5.88,13.1,142.3,119.8,74.0,200.0,Wisconsin,1984,6,153,0,0,0,0,1,0
John Witkowski,10,129,294,43.9,1647,4,1.4,18,6.1,5.6,3.12,12.8,164.7,83.2,73.0,200.0,Columbia,1984,6,160,0,0,0,0,0,0
Scott Campbell,44,609,1060,57.5,7636,45,4.2,41,3.9,7.2,6.31,12.5,173.5,124.2,72.0,196.0,Purdue,1984,7,191,0,0,0,0,0,0
Blair Kiel,44,297,609,48.8,3650,17,2.8,32,5.3,6.0,4.19,12.3,83.0,97.8,72.0,209.0,Notre Dame,1984,11,281,0,0,0,0,0,0
John Elway,42,774,1246,62.1,9349,77,6.2,39,3.1,7.5,7.33,12.1,222.6,139.3,75.0,215.0,Stanford,1983,1,1,1,1,1,0,1,1
Todd Blackledge,33,341,658,51.8,4812,41,6.2,41,6.2,7.3,5.76,14.1,145.8,121.4,75.0,225.0,Penn St.,1983,1,7,0,0,0,0,0,0
Jim Kelly,44,376,676,55.6,5228,33,4.9,28,4.1,7.7,6.85,13.9,118.8,128.4,75.0,217.0,Miami (FL),1983,1,14,1,1,1,0,1,0
Tony Eason,22,526,856,61.4,6608,37,4.3,29,3.4,7.7,7.06,12.6,300.4,133.8,76.0,212.0,Illinois,1983,1,15,0,0,0,0,1,0
Dan Marino,44,626,1084,57.7,7905,74,6.8,64,5.9,7.3,6.00,12.6,179.7,129.7,76.0,224.0,Pittsburgh,1983,1,27,1,1,1,0,1,0
Babe Laufenberg,22,361,616,58.6,4256,19,3.1,25,4.1,6.9,5.70,11.8,193.5,118.7,74.0,198.0,Stanford,1983,6,168,0,0,0,0,0,0
Gary Kubiak,43,314,595,52.8,4078,31,5.2,27,4.5,6.9,5.85,13.0,94.8,118.5,72.0,192.0,Texas A&M,1983,8,197,0,0,0,0,0,0
Tom Ramsey,44,411,701,58.6,5844,48,6.8,33,4.7,8.3,7.59,14.2,132.8,141.8,73.0,189.0,UCLA,1983,10,267,0,0,0,0,0,0
Bruce Mathison,34,14,33,42.4,189,1,3.0,2,6.1,5.7,3.61,13.5,5.6,88.4,75.0,205.0,Nebraska,1983,10,272,0,0,0,0,0,0
Art Schlichter,44,439,849,51.7,6584,44,5.2,42,4.9,7.8,6.57,15.0,149.6,124.1,75.0,210.0,Ohio St.,1982,1,4,0,0,0,0,0,0
Jim McMahon,47,653,1060,61.6,9536,84,7.9,34,3.2,9.0,9.14,14.6,202.9,156.9,73.0,195.0,BYU,1982,1,5,1,1,1,0,1,1
Oliver Luck,45,452,888,50.9,5658,42,4.7,44,5.0,6.4,5.09,12.5,125.7,110.1,74.0,196.0,West Virginia,1982,2,44,0,0,0,0,0,0
Matt Kofler,23,361,615,58.7,4476,24,3.9,24,3.9,7.3,6.30,12.4,194.6,124.9,75.0,192.0,San Diego St.,1982,2,48,0,0,0,0,0,0
Mike Pagel,41,405,786,51.5,5196,54,6.9,31,3.9,6.6,6.21,12.8,126.7,121.8,74.0,206.0,Arizona St.,1982,4,84,0,0,0,0,1,0
Bob Holly,27,293,504,58.1,3624,20,4.0,16,3.2,7.2,6.56,12.4,134.2,125.3,74.0,197.0,Princeton,1982,11,291,0,1,0,0,0,0
Rich Campbell,44,574,891,64.4,6933,33,3.7,42,4.7,7.8,6.40,12.1,157.6,132.6,76.0,224.0,California,1981,1,6,0,1,0,0,0,0
Tom Flick,38,252,418,60.3,3171,24,5.7,20,4.8,7.6,6.58,12.6,83.4,133.4,74.0,190.0,Washington,1981,4,90,0,0,0,0,0,0
Mark Herrmann,44,729,1242,58.7,9354,64,5.2,75,6.0,7.5,5.84,12.8,212.6,126.9,76.0,200.0,Purdue,1981,4,98,0,0,0,0,0,0
Bob Gagliano,11,184,345,53.3,2365,20,5.8,15,4.3,6.9,6.06,12.9,215.0,121.4,75.0,200.0,U.S. International,1981,12,319,0,0,0,0,0,0
Joe Adams,47,1,1,100.0,6,1,100.0,0,0.0,6.0,26.00,6.0,0.1,480.4,71.0,177.0,Arkansas,2012,4,104,0,0,0,0,0,0
Marc Wilson,34,535,937,57.1,7637,61,6.5,46,4.9,8.2,7.24,14.3,224.6,137.2,78.0,205.0,BYU,1980,1,15,1,0,0,0,1,1
Mark Malone,34,255,520,49.0,3388,23,4.4,28,5.4,6.5,4.98,13.3,99.6,107.6,76.0,223.0,Arizona St.,1980,1,28,0,0,0,0,1,0
Eric Hipple,44,459,850,54.0,6073,34,4.0,42,4.9,7.1,5.72,13.2,138.0,117.3,74.0,196.0,Utah St.,1980,4,85,0,0,0,0,1,0
Rusty Lisch,26,175,343,51.0,2616,12,3.5,18,5.2,7.6,5.97,14.9,100.6,116.1,75.0,213.0,Notre Dame,1980,4,89,0,0,0,0,0,0
Ed Luther,45,600,1118,53.7,7190,47,4.2,52,4.7,6.4,5.18,12.0,159.8,112.3,75.0,206.0,San Jose St.,1980,4,101,0,0,0,0,0,0
Paul McDonald,45,284,468,60.7,3881,35,7.5,12,2.6,8.3,8.63,13.7,86.2,149.9,74.0,185.0,USC,1980,4,109,0,0,0,0,0,0
Gary Hogeboom,38,208,395,52.7,3088,19,4.8,19,4.8,7.8,6.62,14.8,81.3,124.6,76.0,205.0,Central Michigan,1980,5,133,0,0,0,0,1,0
David Woodley,33,146,308,47.4,2081,8,2.6,15,4.9,6.8,5.08,14.3,63.1,103.0,74.0,210.0,LSU,1980,8,214,1,1,0,0,1,0
Harold Bailey,44,122,305,40.0,1757,6,2.0,17,5.6,5.8,3.65,14.4,39.9,83.7,74.0,195.0,Oklahoma St.,1980,8,217,0,1,0,0,0,0
Turk Schonert,33,152,230,66.1,1931,21,9.1,7,3.0,8.4,8.85,12.7,58.5,160.7,73.0,191.0,Stanford,1980,9,242,0,0,0,0,0,0
Tim Couch,29,795,1184,67.1,8435,74,6.3,35,3.0,7.1,7.04,10.6,290.9,141.7,76.0,220.0,Kentucky,1999,1,1,1,0,1,0,1,0
Donovan McNabb,45,548,938,58.4,8389,77,8.2,26,2.8,8.9,9.34,15.3,186.4,155.1,74.0,240.0,Syracuse,1999,1,2,1,1,1,0,1,0
Akili Smith,21,295,515,57.3,4605,42,8.2,13,2.5,8.9,9.44,15.6,219.3,154.3,75.0,220.0,Grossmont College (CA),1999,1,3,0,0,0,0,0,0
Daunte Culpepper,33,721,1097,65.7,9341,72,6.6,32,2.9,8.5,8.52,13.0,283.1,153.1,76.0,260.0,Central Florida,1999,1,11,1,0,1,0,1,0
Cade McNown,44,646,1153,56.0,10008,61,5.3,39,3.4,8.7,8.22,15.5,227.5,139.6,73.0,208.0,UCLA,1999,1,12,0,0,0,0,0,0
Shaun King,41,646,1163,55.5,8419,70,6.0,34,2.9,7.2,7.13,13.0,205.3,130.4,73.0,228.0,Tulane,1999,2,50,0,0,0,0,0,1
Brock Huard,30,422,776,54.4,5742,51,6.6,27,3.5,7.4,7.15,13.6,191.4,131.3,76.0,232.0,Washington,1999,3,77,0,0,0,0,0,0
Joe Germaine,34,399,660,60.5,5844,52,7.9,18,2.7,8.9,9.20,14.6,171.9,155.4,72.0,202.0,Ohio St.,1999,4,101,0,0,0,0,0,1
Aaron Brooks,34,357,651,54.8,5118,33,5.1,24,3.7,7.9,7.22,14.3,150.5,130.2,76.0,205.0,Virginia,1999,4,131,1,0,1,0,1,0
Michael Bishop,23,244,480,50.8,4401,36,7.5,13,2.7,9.2,9.45,18.0,191.3,147.2,74.0,215.0,Blinn College (TX),1999,7,227,0,0,0,0,0,0
Scott Covington,35,281,497,56.5,3862,26,5.2,15,3.0,7.8,7.46,13.7,110.3,133.0,74.0,217.0,Miami (FL),1999,7,245,0,0,0,0,0,0
Peyton Manning,45,863,1381,62.5,11201,89,6.4,33,2.4,8.1,8.32,13.0,248.9,147.1,77.0,230.0,Tennessee,1998,1,1,1,1,1,0,1,1
Ryan Leaf,31,456,845,54.0,7102,58,6.9,23,2.7,8.4,8.55,15.6,229.1,141.8,77.0,245.0,Washington St.,1998,1,2,0,0,0,0,0,0
Charlie Batch,32,579,998,58.0,7592,53,5.3,31,3.1,7.6,7.27,13.1,237.3,133.2,74.0,216.0,Eastern Michigan,1998,2,60,1,0,0,0,1,1
Jonathan Quinn,5,33,68,48.5,379,2,2.9,7,10.3,5.6,1.53,11.5,75.8,84.5,78.0,243.0,Tulane,1998,3,86,0,0,0,0,0,0
Brian Griese,33,307,516,59.5,3663,27,5.2,15,2.9,7.1,6.84,11.9,111.0,130.6,75.0,214.0,Michigan,1998,3,91,1,0,1,0,1,1
Matt Hasselbeck,37,390,701,55.6,4548,22,3.1,26,3.7,6.5,5.45,11.7,122.9,113.1,76.0,235.0,Boston Col.,1998,6,187,1,0,1,0,1,0
Moses Moreno,37,457,787,58.1,6689,49,6.2,28,3.6,8.5,8.14,14.6,180.8,142.9,73.0,205.0,Colorado St.,1998,7,232,0,0,0,0,0,0
Jim Druckenmiller,38,313,582,53.8,4383,34,5.8,18,3.1,7.5,7.31,14.0,115.3,130.1,76.0,241.0,Virginia Tech,1997,1,26,0,0,0,0,0,0
Jake Plummer,42,613,1107,55.4,8626,64,5.8,34,3.1,7.8,7.57,14.1,205.4,133.8,74.0,212.0,Arizona St.,1997,2,42,1,0,1,0,1,0
Danny Wuerffel,46,708,1170,60.5,10875,114,9.7,42,3.6,9.3,9.63,15.4,236.4,163.6,73.0,212.0,Florida,1997,4,99,0,0,0,0,0,0
Mike Cherry,10,21,40,52.5,242,1,2.5,3,7.5,6.1,3.18,11.5,24.2,96.6,75.0,226.0,Arkansas,1997,6,171,0,0,0,0,0,0
Tony Graziani,23,341,629,54.2,4369,24,3.8,16,2.5,6.9,6.56,12.8,190.0,120.1,74.0,210.0,Oregon,1997,7,204,0,0,0,0,0,0
Koy Detmer,29,350,594,58.9,5390,40,6.7,25,4.2,9.1,8.53,15.4,185.9,148.9,73.0,195.0,Colorado,1997,7,207,0,0,0,0,0,0
Wally Richardson,45,378,692,54.6,4419,27,3.9,14,2.0,6.4,6.26,11.7,98.2,117.1,76.0,225.0,Penn St.,1997,7,234,0,0,0,0,0,0
Tony Banks,19,279,452,61.7,3781,19,4.2,18,4.0,8.4,7.41,13.6,199.0,137.9,76.0,230.0,Michigan St.,1996,2,42,1,0,1,0,1,1
Bobby Hoying,42,463,782,59.2,6751,54,6.9,33,4.2,8.6,8.12,14.6,160.7,146.1,75.0,221.0,Ohio St.,1996,3,85,0,0,0,0,0,0
Danny Kanell,45,529,851,62.2,6372,57,6.7,26,3.1,7.5,7.45,12.0,141.6,141.1,75.0,218.0,Florida St.,1996,4,130,0,0,0,0,0,0
Kerry Collins,45,370,657,56.3,5304,39,5.9,21,3.2,8.1,7.82,14.3,117.9,137.3,77.0,247.0,Penn St.,1995,1,5,1,0,1,0,1,0
Todd Collins,34,431,663,65.0,5504,34,5.1,17,2.6,8.3,8.17,12.8,161.9,146.5,76.0,223.0,Michigan,1995,2,45,0,0,0,0,0,0
Kordell Stewart,33,456,785,58.1,6481,33,4.2,19,2.4,8.3,8.01,14.2,196.4,136.5,73.0,218.0,Colorado,1995,2,60,1,0,1,0,1,0
Stoney Case,42,677,1237,54.7,9460,67,5.4,39,3.2,7.6,7.31,14.0,225.2,130.5,75.0,204.0,New Mexico,1995,3,80,0,0,0,0,0,0
Eric Zeier,44,838,1402,59.8,11153,67,4.8,37,2.6,8.0,7.72,13.3,253.5,137.1,73.0,214.0,Georgia,1995,3,84,0,0,0,0,0,0
Rob Johnson,45,623,963,64.7,7743,52,5.4,27,2.8,8.0,7.86,12.4,172.1,144.4,76.0,204.0,USC,1995,4,99,0,0,0,0,0,1
Steve Stenstrom,43,833,1320,63.1,10531,72,5.5,36,2.7,8.0,7.84,12.6,244.9,142.7,74.0,206.0,Stanford,1995,4,134,0,0,0,0,0,0
Craig Whelihan,20,300,591,50.8,3797,27,4.6,20,3.4,6.4,5.82,12.7,189.9,113.0,77.0,220.0,Oregon St.,1995,6,197,0,0,0,0,0,0
Heath Shuler,33,316,513,61.6,4089,36,7.0,12,2.3,8.0,8.32,12.9,123.9,147.0,74.0,216.0,Tennessee,1994,1,3,0,0,0,0,0,0
Trent Dilfer,32,461,774,59.6,6944,51,6.6,21,2.7,9.0,9.07,15.1,217.0,151.2,76.0,225.0,Fresno St.,1994,1,6,1,0,1,0,1,1
Gus Frerotte,42,432,860,50.2,5480,32,3.7,38,4.4,6.4,5.13,12.7,130.5,107.2,75.0,237.0,Tulsa,1994,7,197,1,0,1,0,1,0
Steve Matthews,32,341,560,60.9,3980,31,5.5,25,4.5,7.1,6.21,11.7,124.4,129.9,75.0,222.0,Tennessee,1994,7,199,0,0,0,0,0,0
Glenn Foley,44,703,1275,55.1,10039,72,5.6,60,4.7,7.9,6.89,14.3,228.2,130.5,74.0,210.0,Boston Col.,1994,7,208,0,0,0,0,0,0
Drew Bledsoe,29,502,933,53.8,6897,44,4.7,33,3.5,7.4,6.74,13.7,237.8,124.4,77.0,238.0,Washington St.,1993,1,1,1,1,1,0,1,1
Rick Mirer,46,377,698,54.0,5997,41,5.9,23,3.3,8.6,8.28,15.9,130.4,139.0,75.0,210.0,Notre Dame,1993,1,2,1,0,1,0,1,0
Mark Brunell,33,259,498,52.0,3423,23,4.6,16,3.2,6.9,6.35,13.2,103.7,118.6,73.0,215.0,Washington,1993,5,118,1,0,1,0,1,1
Alex Van Pelt,45,845,1463,57.8,10913,64,4.4,59,4.0,7.5,6.52,12.9,242.5,126.8,73.0,220.0,Pittsburgh,1993,8,216,0,0,0,0,0,0
Elvis Grbac,42,476,754,63.1,5859,64,8.5,29,3.8,7.8,7.74,12.3,139.5,148.7,77.0,232.0,Michigan,1993,8,219,1,0,1,0,1,1
Trent Green,43,400,715,55.9,5136,23,3.2,31,4.3,7.2,5.88,12.8,119.4,118.2,75.0,217.0,Indiana,1993,8,222,1,0,1,0,1,0
David Klingler,32,726,1261,57.6,9430,91,7.2,38,3.0,7.5,7.57,13.0,294.7,138.2,75.0,210.0,Houston,1992,1,6,0,0,0,0,0,0
Tommy Maddox,22,374,642,58.3,5187,33,5.1,29,4.5,8.1,7.07,13.9,235.8,134.1,76.0,220.0,UCLA,1992,1,25,1,0,0,0,1,1
Matt Blundin,25,179,304,58.9,2554,23,7.6,7,2.3,8.4,8.88,14.3,102.2,149.8,78.0,233.0,Virginia,1992,2,40,0,0,0,0,0,0
Tony Sacca,45,401,824,48.7,5869,41,5.0,24,2.9,7.1,6.81,14.6,130.4,119.1,77.0,230.0,Penn St.,1992,2,46,0,0,0,0,0,0
Craig Erickson,44,420,752,55.9,6056,46,6.1,22,2.9,8.1,7.96,14.4,137.6,137.8,74.0,209.0,Miami (FL),1992,4,86,0,0,0,0,1,0
Craig Erickson,44,420,752,55.9,6056,46,6.1,22,2.9,8.1,7.96,14.4,137.6,137.8,74.0,209.0,Miami (FL),1992,4,86,0,0,0,0,1,0
Casey Weldon,45,323,545,59.3,4628,42,7.7,15,2.8,8.5,8.79,14.3,102.8,150.5,73.0,206.0,Florida St.,1992,4,102,0,1,0,0,0,0
Will Furrer,34,494,920,53.7,5915,43,4.7,46,5.0,6.4,5.11,12.0,174.0,113.1,75.0,210.0,Virginia Tech,1992,4,107,0,0,0,0,0,0
Jeff Blake,36,360,667,54.0,5133,43,6.4,20,3.0,7.7,7.64,14.3,142.6,133.9,73.0,223.0,East Carolina,1992,6,166,1,0,1,0,1,0
Kent Graham,43,124,224,55.4,1581,8,3.6,14,6.3,7.1,4.96,12.8,36.8,113.9,77.0,231.0,Notre Dame,1992,8,211,0,0,0,0,1,0
Bucky Richardson,46,196,405,48.4,3039,14,3.5,23,5.7,7.5,5.64,15.5,66.1,111.5,73.0,228.0,Texas A&M,1992,8,220,0,0,0,0,0,0
Brad Johnson,45,161,249,64.7,1746,14,5.6,9,3.6,7.0,6.51,10.8,38.8,134.9,77.0,235.0,Florida St.,1992,9,227,1,0,1,0,1,1
T.J. Rubley,47,682,1336,51.0,9324,73,5.5,54,4.0,7.0,6.25,13.7,198.4,119.6,75.0,212.0,Tulsa,1992,9,228,0,0,0,0,0,0
Ty Detmer,48,958,1530,62.6,15031,121,7.9,65,4.2,9.8,9.49,15.7,313.1,162.7,72.0,189.0,BYU,1992,9,230,0,0,0,0,0,0
Dan McGwire,46,575,973,59.1,8164,49,5.0,30,3.1,8.4,8.01,14.2,177.5,140.0,80.0,240.0,Iowa,1991,1,16,0,0,0,0,0,0
Todd Marinovich,23,375,613,61.2,4649,28,4.6,21,3.4,7.6,6.96,12.4,202.1,133.1,76.0,215.0,USC,1991,1,24,0,0,0,0,0,0
Brett Favre,44,613,1169,52.4,7695,52,4.4,34,2.9,6.6,6.16,12.6,174.9,116.6,74.0,222.0,Southern Miss,1991,2,33,1,1,1,0,1,1
Browning Nagle,33,333,598,55.7,4653,32,5.4,21,3.5,7.8,7.27,14.0,141.0,131.7,75.0,225.0,West Virginia,1991,2,34,0,0,0,0,0,0
Scott Zolak,23,270,509,53.0,3124,12,2.4,23,4.5,6.1,4.58,11.6,135.8,103.3,77.0,230.0,Maryland,1991,4,84,0,0,0,0,0,0
Donald Hollas,42,341,606,56.3,4039,15,2.5,29,4.8,6.7,5.01,11.8,96.2,110.9,75.0,215.0,Rice,1991,4,99,0,0,0,0,0,0
Paul Justin,37,418,753,55.5,5761,34,4.5,26,3.5,7.7,7.00,13.8,155.7,127.8,76.0,211.0,Arizona St.,1991,7,190,0,0,0,0,0,1
Shawn Moore,38,421,762,55.2,6629,55,7.2,32,4.2,8.7,8.25,15.7,174.4,143.7,74.0,213.0,Virginia,1991,11,284,0,0,0,0,0,0
Jeff George,33,550,941,58.4,5891,32,3.4,34,3.6,6.3,5.31,10.7,178.5,115.0,76.0,218.0,Purdue,1990,1,1,1,0,1,0,1,0
Andre Ware,27,660,1074,61.5,8202,75,7.0,28,2.6,7.6,7.86,12.4,303.8,143.4,74.0,205.0,Houston,1990,1,7,0,0,0,0,0,0
Neil O'Donnell,27,387,658,58.8,4989,26,4.0,21,3.2,7.6,6.94,12.9,184.8,129.2,75.0,228.0,Maryland,1990,3,70,1,0,1,0,1,0
Troy Taylor,44,683,1162,58.8,8126,51,4.4,46,4.0,7.0,6.09,11.9,184.7,124.1,76.0,200.0,California,1990,4,84,0,0,0,0,0,0
Cary Conklin,31,401,747,53.7,4850,31,4.1,36,4.8,6.5,5.15,12.1,156.5,112.3,76.0,220.0,Washington,1990,4,86,0,0,0,0,0,0
Scott Mitchell,35,669,1165,57.4,8981,69,5.9,38,3.3,7.7,7.43,13.4,256.6,135.2,78.0,240.0,Utah,1990,4,93,1,0,1,0,1,0
Matthew Stafford,39,564,987,57.1,7731,51,5.2,33,3.3,7.8,7.36,13.7,198.2,133.3,75.0,214.0,Georgia,2009,1,1,1,1,1,0,1,1
Mark Sanchez,27,313,487,64.3,3965,41,8.4,16,3.3,8.1,8.35,12.7,146.9,153.9,74.0,232.0,USC,2009,1,5,1,0,1,0,1,0
Josh Freeman,35,680,1151,59.1,8078,44,3.8,34,3.0,7.0,6.45,11.9,230.8,124.7,78.0,240.0,Kansas St.,2009,1,17,1,0,1,0,1,0
Pat White,49,507,783,64.8,6049,56,7.2,23,2.9,7.7,7.83,11.9,123.4,147.4,72.0,190.0,West Virginia,2009,2,44,0,1,0,0,0,0
Stephen McGee,40,485,815,59.5,5475,28,3.4,13,1.6,6.7,6.69,11.3,136.9,124.1,74.0,223.0,Texas A&M,2009,4,101,0,0,0,0,0,0
Tom Brandstater,45,584,989,59.0,6857,47,4.8,32,3.2,6.9,6.43,11.7,152.4,126.5,77.0,215.0,Fresno St.,2009,6,174,0,0,0,0,0,0
Curtis Painter,46,987,1648,59.9,11163,67,4.1,46,2.8,6.8,6.33,11.3,242.7,124.6,76.0,230.0,Purdue,2009,6,201,0,0,0,0,0,0
Matt Ryan,43,807,1347,59.9,9313,56,4.2,37,2.7,6.9,6.51,11.5,216.6,126.2,76.0,217.0,Boston Col.,2008,1,3,1,1,1,0,1,0
Joe Flacco,3,1,4,25.0,11,0,0.0,0,0.0,2.8,2.75,11.0,3.7,48.1,78.0,230.0,Pittsburgh,2008,1,18,1,1,1,0,1,1
Brian Brohm,44,780,1185,65.8,10775,71,6.0,24,2.0,9.1,9.38,13.8,244.9,157.9,75.0,227.0,Louisville,2008,2,56,0,0,0,0,0,0
Chad Henne,47,828,1387,59.7,9715,87,6.3,37,2.7,7.0,7.06,11.7,206.7,133.9,75.0,215.0,Michigan,2008,2,57,1,0,1,0,1,1
Kevin O'Connell,39,664,1151,57.7,7689,46,4.0,34,3.0,6.7,6.15,11.6,197.2,121.1,77.0,225.0,San Diego St.,2008,3,94,0,0,0,0,0,0
Dennis Dixon,40,444,695,63.9,5129,38,5.5,21,3.0,7.4,7.11,11.6,128.2,137.9,75.0,195.0,Oregon,2008,5,156,0,0,0,0,0,1
Erik Ainge,43,733,1210,60.6,8700,72,6.0,35,2.9,7.2,7.08,11.9,202.3,134.8,77.0,225.0,Tennessee,2008,5,162,0,0,0,0,0,0
Colt Brennan,38,1115,1584,70.4,14193,131,8.3,42,2.7,9.0,9.42,12.7,373.5,167.6,74.0,207.0,Hawaii,2008,6,186,0,0,0,0,0,0
Matt Flynn,41,245,437,56.1,3096,31,7.1,13,3.0,7.1,7.16,12.6,75.5,133.0,74.0,228.0,LSU,2008,7,209,0,0,0,0,0,1
Alex Brink,46,848,1451,58.4,10913,76,5.2,43,3.0,7.5,7.24,12.9,237.2,133.0,74.0,211.0,Washington St.,2008,7,223,0,0,0,0,0,0
JaMarcus Russell,36,493,797,61.9,6625,52,6.5,21,2.6,8.3,8.43,13.4,184.0,147.9,78.0,265.0,LSU,2007,1,1,0,0,0,0,0,0
Brady Quinn,49,929,1602,58.0,11762,95,5.9,39,2.4,7.3,7.43,12.7,240.0,134.4,76.0,232.0,Notre Dame,2007,1,22,0,0,0,0,0,0
Kevin Kolb,50,964,1565,61.6,12964,85,5.4,31,2.0,8.3,8.48,13.4,259.3,145.1,75.0,218.0,Houston,2007,2,36,0,0,0,0,0,0
John Beck,43,885,1418,62.4,11021,79,5.6,34,2.4,7.8,7.81,12.5,256.3,141.3,74.0,215.0,BYU,2007,2,40,0,0,0,0,0,0
Drew Stanton,45,543,846,64.2,6524,42,5.0,28,3.3,7.7,7.22,12.0,145.0,138.7,75.0,226.0,Michigan St.,2007,2,43,0,0,0,0,0,0
Trent Edwards,35,487,865,56.3,5429,36,4.2,33,3.8,6.3,5.39,11.1,155.1,115.1,76.0,231.0,Stanford,2007,3,92,0,0,0,0,1,0
Isaiah Stanback,36,269,523,51.4,3868,22,4.2,12,2.3,7.4,7.20,14.4,107.4,122.9,75.0,216.0,Washington,2007,4,103,0,0,0,0,0,0
Jeff Rowe,45,682,1122,60.8,7862,55,4.9,33,2.9,7.0,6.66,11.5,174.7,129.9,74.5908396946565,,Nevada,2007,5,151,0,0,0,0,0,0
Vince Young,37,444,718,61.8,6040,44,6.1,28,3.9,8.4,7.88,13.6,163.2,144.9,77.0,232.0,Texas,2006,1,3,1,1,0,0,1,0
Matt Leinart,39,807,1245,64.8,10693,99,8.0,23,1.8,8.6,9.35,13.3,274.2,159.5,77.0,225.0,USC,2006,1,10,0,0,0,0,0,0
Jay Cutler,45,710,1242,57.2,8697,59,4.8,36,2.9,7.0,6.65,12.2,193.3,125.9,75.0,231.0,Vanderbilt,2006,1,11,1,0,1,0,1,0
Kellen Clemens,37,613,1005,61.0,7555,61,6.1,24,2.4,7.5,7.66,12.3,204.2,139.4,74.0,220.0,Oregon,2006,2,49,0,0,0,0,0,0
Tarvaris Jackson,11,17,48,35.4,196,1,2.1,3,6.3,4.1,1.69,11.5,17.8,64.1,74.0,225.0,Arkansas,2006,2,64,1,0,0,0,1,1
Charlie Whitehurst,44,817,1368,59.7,9665,49,3.6,46,3.4,7.1,6.27,11.8,219.7,124.2,76.0,226.0,Clemson,2006,3,81,0,0,0,0,0,0
Brodie Croyle,39,488,869,56.2,6382,41,4.7,22,2.5,7.3,7.15,13.1,163.6,128.4,74.0,206.0,Alabama,2006,3,85,0,0,0,0,0,0
Ingle Martin,16,54,87,62.1,750,3,3.4,2,2.3,8.6,8.28,13.9,46.9,141.3,74.0,220.0,Florida,2006,5,148,0,0,0,0,0,0
Reggie McNeal,42,478,875,54.6,6992,44,5.0,23,2.6,8.0,7.81,14.6,166.5,133.1,74.0,205.0,Texas A&M,2006,6,193,0,0,0,0,0,0
Bruce Gradkowski,49,766,1123,68.2,9225,85,7.6,27,2.4,8.2,8.65,12.0,188.3,157.4,73.0,217.0,Toledo,2006,6,194,0,0,0,0,0,0
Aaron Rodgers,25,424,665,63.8,5469,43,6.5,13,2.0,8.2,8.64,12.9,218.8,150.3,74.0,223.0,Butte JC (CA),2005,1,24,1,1,1,0,1,1
Jason Campbell,48,552,854,64.6,7299,45,5.3,24,2.8,8.5,8.34,13.2,152.1,148.2,77.0,235.0,Auburn,2005,1,25,1,0,1,0,1,0
Charlie Frye,46,913,1436,63.6,11049,64,4.5,32,2.2,7.7,7.58,12.1,240.2,138.5,76.0,220.0,Akron,2005,3,67,0,0,0,0,0,0
Andrew Walter,48,777,1416,54.9,10617,85,6.0,36,2.5,7.5,7.55,13.7,221.2,132.6,78.0,230.0,Arizona St.,2005,3,69,0,0,0,0,0,0
Kyle Orton,43,748,1262,59.3,8918,61,4.8,24,1.9,7.1,7.18,11.9,207.4,130.8,76.0,228.0,Purdue,2005,4,106,1,0,1,0,1,0
Dan Orlovsky,46,916,1567,58.5,10706,84,5.4,51,3.3,6.8,6.44,11.7,232.7,127.0,77.0,215.0,Connecticut,2005,5,145,0,0,0,0,0,0
Derek Anderson,49,768,1515,50.7,11249,79,5.2,57,3.8,7.4,6.77,14.6,229.6,122.7,78.0,235.0,Oregon St.,2005,6,213,0,0,0,0,1,0
Matt Cassel,33,20,33,60.6,192,0,0.0,1,3.0,5.8,4.45,9.6,5.8,103.4,76.0,225.0,USC,2005,7,230,1,0,1,0,1,0
Eli Manning,43,829,1363,60.8,10119,81,5.9,35,2.6,7.4,7.46,12.2,235.3,137.7,77.0,220.0,Mississippi,2004,1,1,1,1,1,0,1,1
Philip Rivers,49,1087,1710,63.6,13484,95,5.6,34,2.0,7.9,8.10,12.4,275.2,144.2,77.0,228.0,North Carolina St.,2004,1,4,1,1,1,0,1,0
Ben Roethlisberger,38,854,1304,65.5,10829,84,6.4,34,2.6,8.3,8.42,12.7,285.0,151.3,77.0,240.0,Miami (OH),2004,1,11,1,1,1,0,1,1
Matt Schaub,40,716,1069,67.0,7502,56,5.2,26,2.4,7.0,6.97,10.5,187.6,138.4,78.0,245.0,Virginia,2004,3,90,1,0,1,0,1,0
Luke McCown,43,1063,1775,59.9,12666,87,4.9,62,3.5,7.1,6.54,11.9,294.6,129.0,76.0,217.0,Louisiana Tech,2004,4,106,0,0,0,0,0,0
Craig Krenzel,32,326,574,56.8,4473,28,4.9,20,3.5,7.8,7.20,13.7,139.8,131.4,76.0,225.0,Ohio St.,2004,5,148,0,0,0,0,0,0
Andy Hall,9,19,43,44.2,299,1,2.3,2,4.7,7.0,5.33,15.7,33.2,101.0,75.0,218.0,Georgia Tech,2004,6,185,0,0,0,0,0,0
Jim Sorgi,39,287,517,55.5,4475,33,6.4,20,3.9,8.7,8.19,15.6,114.7,141.5,77.0,196.0,Wisconsin,2004,6,193,1,1,0,0,0,1
John Navarre,46,744,1327,56.1,9014,70,5.3,30,2.3,6.8,6.83,12.1,196.0,126.0,78.0,250.0,Michigan,2004,7,202,0,0,0,0,0,0
Cody Pickett,38,792,1373,57.7,9916,53,3.9,42,3.1,7.2,6.62,12.5,260.9,125.0,75.0,227.0,Washington,2004,7,217,0,0,0,0,0,0
Matt Mauck,23,310,529,58.6,3831,37,7.0,18,3.4,7.2,7.11,12.4,166.6,135.7,73.0,213.0,LSU,2004,7,225,0,0,0,0,0,0
Bradlee Van Pelt,38,424,778,54.5,6165,37,4.8,30,3.9,7.9,7.14,14.5,162.2,129.0,74.0,225.0,Colorado St.,2004,7,250,0,0,0,0,0,0
Carson Palmer,51,895,1515,59.1,11388,71,4.7,49,3.2,7.5,7.00,12.7,223.3,131.2,77.0,235.0,USC,2003,1,1,1,1,1,0,1,0
Byron Leftwich,54,939,1442,65.1,11903,89,6.2,28,1.9,8.3,8.62,12.7,220.4,150.9,77.0,250.0,Marshall,2003,1,7,1,0,0,0,1,1
Kyle Boller,43,622,1301,47.8,7980,64,4.9,48,3.7,6.1,5.46,12.8,185.6,108.2,75.0,220.0,California,2003,1,19,0,0,0,0,1,0
Rex Grossman,35,677,1110,61.0,9164,77,6.9,36,3.2,8.3,8.18,13.5,261.8,146.7,73.0,225.0,Florida,2003,1,22,0,0,0,0,1,0
Dave Ragone,41,685,1180,58.1,8564,74,6.3,29,2.5,7.3,7.41,12.5,208.9,134.8,76.0,245.0,Louisville,2003,3,88,0,0,0,0,0,0
Chris Simms,41,535,911,58.7,7097,58,6.4,31,3.4,7.8,7.53,13.3,173.1,138.4,76.0,230.0,Texas,2003,3,97,0,0,0,0,0,0
Seneca Wallace,25,411,712,57.7,5289,26,3.7,27,3.8,7.4,6.45,12.9,211.6,124.6,71.0,205.0,Sacramento CC,2003,4,110,0,0,0,0,0,0
Drew Henson,24,196,351,55.8,2631,22,6.3,7,2.0,7.5,7.85,13.4,109.6,135.5,76.0,230.0,Michigan,2003,6,192,0,0,0,0,0,0
Brooks Bollinger,44,398,740,53.8,5406,36,4.9,17,2.3,7.3,7.24,13.6,122.9,126.6,72.0,205.0,Wisconsin,2003,6,200,0,0,0,0,0,0
Kliff Kingsbury,43,1231,1883,65.4,12429,95,5.0,40,2.1,6.6,6.65,10.1,289.0,133.2,75.0,220.0,Texas Tech,2003,6,201,0,0,0,0,0,0
Gibran Hamdan,30,155,299,51.8,2172,10,3.3,14,4.7,7.3,5.83,14.0,72.4,114.5,78.0,240.0,Indiana,2003,7,232,0,0,0,0,0,0
Ken Dorsey,41,668,1153,57.9,9565,86,7.5,28,2.4,8.3,8.69,14.3,233.3,147.4,76.0,220.0,Miami (FL),2003,7,241,0,0,0,0,0,0
David Carr,35,530,845,62.7,6927,61,7.2,20,2.4,8.2,8.58,13.1,197.9,150.7,75.0,212.0,Fresno St.,2002,1,1,1,0,1,0,1,0
Joey Harrington,31,445,813,54.7,6057,52,6.4,21,2.6,7.5,7.57,13.6,195.4,133.3,76.0,220.0,Oregon,2002,1,3,1,0,1,0,1,0
Patrick Ramsey,35,798,1355,58.9,9205,72,5.3,51,3.8,6.8,6.16,11.5,263.0,126.0,74.0,225.0,Tulane,2002,1,32,0,0,0,0,0,0
Josh McCown,30,340,664,51.2,4022,27,4.1,34,5.1,6.1,4.57,11.8,134.1,105.3,76.0,218.0,SMU,2002,3,81,1,0,1,0,1,0
David Garrard,44,666,1169,57.0,9029,60,5.1,39,3.3,7.7,7.25,13.6,205.2,132.1,73.0,235.0,East Carolina,2002,4,108,1,0,1,0,1,0
Rohan Davey,25,286,478,59.8,4415,29,6.1,15,3.1,9.2,9.04,15.4,176.6,151.2,74.0,245.0,LSU,2002,4,117,0,0,0,0,0,0
Randy Fasani,36,188,369,50.9,2973,25,6.8,11,3.0,8.1,8.07,15.8,82.6,135.0,75.0,234.0,Stanford,2002,5,137,0,0,0,0,0,0
Kurt Kittner,41,654,1205,54.3,8206,64,5.3,32,2.7,6.8,6.68,12.5,200.1,123.7,74.0,221.0,Illinois,2002,5,158,0,0,0,0,0,0
Craig Nall,16,35,79,44.3,431,0,0.0,4,5.1,5.5,3.18,12.3,26.9,80.0,75.0,230.0,LSU,2002,5,164,0,1,0,0,0,0
Ronald Curry,37,345,695,49.6,4987,28,4.0,35,5.0,7.2,5.72,14.5,134.8,113.1,74.0,220.0,North Carolina,2002,7,235,1,1,0,0,1,0
Michael Vick,20,177,313,56.5,3074,20,6.4,11,3.5,9.8,9.52,17.4,153.7,153.1,72.0,210.0,Virginia Tech,2001,1,1,1,0,1,0,1,0
Drew Brees,41,942,1525,61.8,10909,81,5.3,41,2.7,7.2,7.01,11.6,266.1,134.0,72.0,209.0,Purdue,2001,2,32,1,1,1,0,1,1
Quincy Carter,29,483,853,56.6,6447,35,4.1,25,2.9,7.6,7.06,13.3,222.3,127.8,74.0,213.0,Georgia,2001,2,53,0,0,0,0,1,0
Marques Tuiasosopo,42,418,761,54.9,5501,31,4.1,28,3.7,7.2,6.39,13.2,131.0,121.7,73.0,220.0,Washington,2001,2,59,0,0,0,0,0,0
Chris Weinke,36,650,1107,58.7,9839,79,7.1,32,2.9,8.9,9.01,15.1,273.3,151.1,76.0,232.0,Florida St.,2001,4,106,0,0,0,0,0,0
Sage Rosenfels,30,306,587,52.1,4164,18,3.1,26,4.4,7.1,5.71,13.6,138.8,113.0,76.0,222.0,Iowa St.,2001,4,109,0,0,0,0,0,0
Jesse Palmer,27,254,479,53.0,3755,31,6.5,17,3.5,7.8,7.54,14.8,139.1,133.1,74.0,225.0,Florida,2001,4,125,0,0,0,0,0,0
Mike McMahon,35,482,974,49.5,6608,41,4.2,52,5.3,6.8,5.22,13.7,188.8,109.7,74.0,208.0,Rutgers,2001,5,149,0,0,0,0,0,0
Chad Pennington,36,807,1265,63.8,10698,100,7.9,30,2.4,8.5,8.97,13.3,297.2,156.2,75.0,230.0,Marshall,2000,1,18,1,0,1,0,1,0
Chris Redman,43,1031,1679,61.4,12541,84,5.0,51,3.0,7.5,7.10,12.2,291.7,134.6,75.0,223.0,Louisville,2000,3,75,0,0,0,0,0,1
Tee Martin,38,326,588,55.4,4592,32,5.4,16,2.7,7.8,7.67,14.1,120.8,133.6,74.0,225.0,Tennessee,2000,5,163,0,0,0,0,0,0
Marc Bulger,36,571,933,61.2,7371,53,5.7,31,3.3,7.9,7.54,12.9,204.8,139.7,75.0,208.0,West Virginia,2000,6,168,1,0,1,0,1,0
Spergon Wynn,2,0,1,0.0,0,0,0.0,1,100.0,0.0,-45.00,0.0,-200.0,,75.0,226.0,Minnesota,2000,6,183,0,0,0,0,0,0
Tom Brady,29,395,638,61.9,4773,30,4.7,17,2.7,7.5,7.22,12.1,164.6,134.9,76.0,225.0,Michigan,2000,6,199,1,1,1,0,1,1
Tim Rattay,33,1015,1552,65.4,12746,115,7.4,35,2.3,8.2,8.68,12.6,386.2,154.3,72.0,200.0,Louisiana Tech,2000,7,212,0,0,0,0,0,0
Jarious Jackson,36,306,536,57.1,4820,34,6.3,21,3.9,9.0,8.50,15.8,133.9,145.7,72.0,228.0,Notre Dame,2000,7,214,0,0,0,0,0,0
Kyler Murray,29,350,519,67.4,5406,50,9.6,14,2.7,10.4,11.13,15.4,186.4,181.3,70.0,207.0,Texas A&M,2019,1,1,1,1,1,0,1,0
Dwayne Haskins,22,413,590,70.0,5396,54,9.2,9,1.5,9.1,10.29,13.1,245.3,174.0,76.0,230.0,Ohio St.,2019,1,15,0,0,0,0,0,0
Drew Lock,50,883,1553,56.9,12193,99,6.4,39,2.5,7.9,8.00,13.8,243.9,138.8,76.0,228.0,Missouri,2019,2,42,0,0,0,0,0,0
Will Grier,28,622,946,65.8,8558,81,8.6,23,2.4,9.0,9.66,13.8,305.6,165.1,73.0,220.0,Florida,2019,3,100,0,0,0,0,0,0
Ryan Finley,47,939,1462,64.2,11147,63,4.3,30,2.1,7.6,7.56,11.9,237.2,138.4,76.0,207.0,North Carolina St.,2019,4,104,0,0,0,0,0,0
Jarrett Stidham,37,545,848,64.3,7217,48,5.7,13,1.5,8.5,8.95,13.2,195.1,151.4,75.0,215.0,Baylor,2019,4,133,0,0,0,0,0,0
Clayton Thorson,53,991,1696,58.4,10731,61,3.6,45,2.7,6.3,5.85,10.8,202.5,118.1,76.0,222.0,Northwestern,2019,5,167,0,0,0,0,0,0
Gardner Minshew,30,761,1168,65.2,8266,62,5.3,20,1.7,7.1,7.37,10.9,275.5,138.7,73.0,225.0,Northwest Mississippi CC,2019,6,178,0,0,0,0,1,0
Trace McSorley,47,720,1215,59.3,9899,77,6.3,25,2.1,8.1,8.49,13.7,210.6,144.5,72.0,202.0,Penn St.,2019,6,197,0,0,0,0,0,0
Baker Mayfield,48,1026,1497,68.5,14607,131,8.8,30,2.0,9.8,10.61,14.2,304.3,175.4,73.0,215.0,Oklahoma,2018,1,1,1,1,1,0,1,0
Sam Darnold,27,549,846,64.9,7229,57,6.7,22,2.6,8.5,8.72,13.2,267.7,153.7,75.0,225.0,USC,2018,1,3,1,1,1,0,1,0
Josh Rosen,30,712,1170,60.9,9341,59,5.0,26,2.2,8.0,7.99,13.1,311.4,140.1,76.0,226.0,UCLA,2018,1,10,0,0,0,0,0,0
Lamar Jackson,38,619,1086,57.0,9043,69,6.4,27,2.5,8.3,8.48,14.6,238.0,142.9,74.0,205.0,Louisville,2018,1,32,1,1,1,0,1,0
Mason Rudolph,42,915,1447,63.2,13618,92,6.4,26,1.8,9.4,9.87,14.9,324.2,159.7,77.0,235.0,Oklahoma St.,2018,3,76,0,0,0,0,0,0
Mike White,44,863,1393,62.0,11262,74,5.3,31,2.2,8.1,8.15,13.0,256.0,142.9,77.0,216.0,South Florida,2018,5,171,0,0,0,0,0,0
Luke Falk,42,1404,2055,68.3,14486,119,5.8,39,1.9,7.0,7.35,10.3,344.9,142.8,76.0,215.0,Washington St.,2018,6,199,0,0,0,0,0,0
Danny Etling,37,563,973,57.9,7076,43,4.4,19,2.0,7.3,7.28,12.6,191.2,129.6,75.0,220.0,Purdue,2018,7,219,0,0,0,0,0,0
Alex McGough,46,806,1335,60.4,9091,65,4.9,37,2.8,6.8,6.54,11.3,197.6,128.1,75.0,214.0,Florida International,2018,7,220,0,0,0,0,0,0
Logan Woodside,44,759,1166,65.1,10514,93,8.0,25,2.1,9.0,9.65,13.9,239.0,162.9,73.0,213.0,Toledo,2018,7,249,0,0,0,0,0,0
Mitchell Trubisky,34,386,572,67.5,4762,41,7.2,10,1.7,8.3,8.97,12.3,140.1,157.6,75.0,222.0,North Carolina,2017,1,2,1,1,1,0,1,0
Patrick Mahomes,32,857,1349,63.5,11252,93,6.9,29,2.1,8.3,8.75,13.1,351.6,152.0,74.0,225.0,Texas Tech,2017,1,10,1,1,1,0,1,1
Deshaun Watson,38,814,1207,67.4,10163,90,7.5,32,2.7,8.4,8.72,12.5,267.4,157.5,75.0,223.0,Clemson,2017,1,12,1,1,1,0,1,0
DeShone Kizer,25,423,696,60.8,5809,47,6.8,19,2.7,8.3,8.47,13.7,232.4,147.7,76.0,235.0,Notre Dame,2017,2,52,0,0,0,0,0,0
Davis Webb,35,841,1367,61.5,9852,83,6.1,34,2.5,7.2,7.30,11.7,281.5,137.1,77.0,225.0,California,2017,3,87,0,0,0,0,0,0
Joshua Dobbs,37,614,999,61.5,7138,53,5.3,29,2.9,7.1,6.90,11.6,192.9,133.2,75.0,220.0,Tennessee,2017,4,135,0,0,0,0,0,0
Nathan Peterman,36,398,663,60.0,5236,47,7.1,17,2.6,7.9,8.16,13.2,145.4,144.6,74.0,225.0,Tennessee,2017,5,171,0,0,0,0,0,0
Brad Kaaya,38,721,1189,60.6,9972,69,5.8,24,2.0,8.4,8.64,13.8,262.4,146.2,76.0,215.0,Miami (FL),2017,6,215,0,0,0,0,0,0
Chad Kelly,27,513,803,63.9,6858,50,6.2,21,2.6,8.5,8.61,13.4,254.0,150.9,74.0,216.0,East Mississippi CC,2017,7,253,0,0,0,0,0,0
Jared Goff,37,977,1569,62.3,12200,96,6.1,30,1.9,7.8,8.14,12.5,329.7,144.0,76.0,217.0,California,2016,1,1,1,1,1,0,1,0
Paxton Lynch,38,758,1205,62.9,8863,59,4.9,23,1.9,7.4,7.48,11.7,233.2,137.0,79.0,244.0,Memphis,2016,1,26,0,0,0,0,0,0
Christian Hackenberg,38,693,1235,56.1,8457,48,3.9,31,2.5,6.8,6.50,12.2,222.6,121.4,76.0,228.0,Penn St.,2016,2,51,0,0,0,0,0,0
Jacoby Brissett,39,499,839,59.5,5723,46,5.5,15,1.8,6.8,7.11,11.5,146.7,131.3,76.0,235.0,Florida,2016,3,91,1,0,1,0,1,1
Cody Kessler,51,851,1261,67.5,10339,88,7.0,19,1.5,8.2,8.92,12.1,202.7,156.4,73.0,215.0,USC,2016,3,93,0,0,0,0,0,0
Connor Cook,43,673,1170,57.5,9194,71,6.1,22,1.9,7.9,8.23,13.7,213.8,139.8,76.0,215.0,Michigan St.,2016,4,100,0,0,0,0,0,0
Dak Prescott,49,734,1169,62.8,9376,70,6.0,23,2.0,8.0,8.33,12.8,191.3,146.0,74.0,238.0,Mississippi St.,2016,4,135,1,1,1,0,1,0
Cardale Jones,23,160,257,62.3,2209,13,5.1,7,2.7,8.6,8.38,13.8,96.0,145.7,77.0,250.0,Ohio St.,2016,4,139,0,0,0,0,0,0
Kevin Hogan,51,727,1103,65.9,9385,75,6.8,29,2.6,8.5,8.69,12.9,184.0,154.6,75.0,218.0,Stanford,2016,5,162,0,0,0,0,0,0
Nate Sudfeld,38,593,983,60.3,7879,61,6.2,20,2.0,8.0,8.34,13.3,207.3,144.1,78.0,230.0,Indiana,2016,6,187,1,1,0,0,0,1
Jake Rudock,38,666,1080,61.7,7836,54,5.0,27,2.5,7.3,7.13,11.8,206.2,134.1,75.0,212.0,Michigan,2016,6,191,0,0,0,0,0,0
Brandon Allen,42,583,1016,57.4,7463,64,6.3,26,2.6,7.3,7.45,12.8,177.7,134.8,74.0,209.0,Arkansas,2016,6,201,0,0,0,0,0,0
Jeff Driskel,42,609,1002,60.8,7444,50,5.0,28,2.8,7.4,7.17,12.2,177.2,134.1,76.0,231.0,Florida,2016,6,207,0,0,0,0,0,0
Brandon Doughty,43,1023,1491,68.6,12855,111,7.4,34,2.3,8.6,9.08,12.6,299.0,161.0,75.0,212.0,Western Kentucky,2016,7,223,0,0,0,0,0,0
Jameis Winston,27,562,851,66.0,7964,65,7.6,28,3.3,9.4,9.41,14.2,295.0,163.3,76.0,230.0,Florida St.,2015,1,1,1,1,1,0,1,0
Marcus Mariota,41,779,1167,66.8,10796,105,9.0,14,1.2,9.3,10.51,13.9,263.3,171.8,76.0,222.0,Oregon,2015,1,2,1,1,1,0,1,0
Garrett Grayson,37,688,1113,61.8,9190,64,5.8,27,2.4,8.3,8.32,13.4,248.4,145.3,74.0,220.0,Colorado St.,2015,3,75,0,0,0,0,0,0
Sean Mannion,47,1187,1838,64.6,13600,83,4.5,54,2.9,7.4,6.98,11.5,289.4,135.8,78.0,230.0,Oregon St.,2015,3,89,0,0,0,0,0,0
Bryce Petty,37,530,845,62.7,8195,62,7.3,10,1.2,9.7,10.63,15.5,221.5,166.0,75.0,226.0,Baylor,2015,4,103,0,0,0,0,0,0
Brett Hundley,40,837,1241,67.4,9966,75,6.0,25,2.0,8.0,8.33,11.9,249.2,150.8,75.0,226.0,UCLA,2015,5,147,0,0,0,0,0,0
Trevor Siemian,44,550,934,58.9,5931,27,2.9,24,2.6,6.4,5.77,10.8,134.8,116.6,75.0,220.0,Northwestern,2015,7,250,1,0,0,0,1,1
Blake Bortles,37,585,891,65.7,7598,56,6.3,19,2.1,8.5,8.82,13.0,205.4,153.8,77.0,236.0,Central Florida,2014,1,3,1,0,1,0,1,0
Johnny Manziel,26,595,863,68.9,7820,63,7.3,22,2.5,9.1,9.37,13.1,300.8,164.1,72.0,207.0,Texas A&M,2014,1,22,0,0,0,0,0,0
Teddy Bridgewater,39,781,1142,68.4,9817,72,6.3,24,2.1,8.6,8.91,12.6,251.7,157.2,74.0,212.0,Louisville,2014,1,32,1,0,1,0,1,0
Logan Thomas,47,693,1248,55.5,9003,52,4.2,39,3.1,7.2,6.64,13.0,191.6,123.6,78.0,250.0,Virginia Tech,2014,4,120,1,1,0,0,1,0
Tom Savage,31,430,757,56.8,5690,37,4.9,19,2.5,7.5,7.36,13.2,183.5,131.1,76.0,230.0,Pittsburgh,2014,4,135,0,0,0,0,0,0
Aaron Murray,52,921,1478,62.3,13166,121,8.2,41,2.8,8.9,9.30,14.3,253.2,158.6,73.0,207.0,Georgia,2014,5,163,0,0,0,0,0,0
Zach Mettenberger,30,407,659,61.8,5783,35,5.3,15,2.3,8.8,8.81,14.2,192.8,148.4,77.0,224.0,Butler (KS),2014,6,178,0,0,0,0,0,0
David Fales,25,639,938,68.1,8382,66,7.0,22,2.3,8.9,9.29,13.1,335.3,161.7,74.0,210.0,San Jose St.,2014,6,183,0,1,0,0,0,0
Keith Wenning,49,1035,1642,63.0,11402,92,5.6,42,2.6,6.9,6.91,11.0,232.7,134.7,75.0,218.0,Ball St.,2014,6,194,0,0,0,0,0,0
Tajh Boyd,47,901,1402,64.3,11904,107,7.6,39,2.8,8.5,8.77,13.2,253.3,155.2,73.0,222.0,Clemson,2014,6,213,0,0,0,0,0,0
Garrett Gilbert,47,908,1548,58.7,9761,49,3.2,45,2.9,6.3,5.63,10.8,207.7,116.3,76.0,230.0,Texas,2014,6,214,0,0,0,0,0,0
EJ Manuel,43,600,897,66.9,7741,47,5.2,28,3.1,8.6,8.27,12.9,180.0,150.4,76.0,237.0,Florida St.,2013,1,16,0,0,0,0,0,0
Geno Smith,44,988,1465,67.4,11662,98,6.7,21,1.4,8.0,8.65,11.8,265.0,153.5,75.0,221.0,West Virginia,2013,2,39,1,1,1,0,1,0
Mike Glennon,36,646,1069,60.4,7411,63,5.9,31,2.9,6.9,6.81,11.5,205.9,132.3,79.0,225.0,North Carolina St.,2013,3,73,0,0,0,0,0,0
Matt Barkley,47,1001,1562,64.1,12327,116,7.4,48,3.1,7.9,7.99,12.3,262.3,148.7,74.0,234.0,USC,2013,4,98,0,0,0,0,0,0
Ryan Nassib,47,791,1312,60.3,9190,70,5.3,28,2.1,7.0,7.11,11.6,195.5,132.5,74.0,227.0,Syracuse,2013,4,110,0,0,0,0,0,0
Tyler Wilson,37,593,948,62.6,7765,52,5.5,26,2.7,8.2,8.05,13.1,209.9,144.0,74.0,215.0,Arkansas,2013,4,112,0,0,0,0,0,0
Landry Jones,53,1388,2183,63.6,16646,123,5.6,52,2.4,7.6,7.68,12.0,314.1,141.5,76.0,225.0,Oklahoma,2013,4,115,0,0,0,0,0,0
Zac Dysert,46,1066,1672,63.8,12013,73,4.4,51,3.1,7.2,6.69,11.3,261.2,132.4,75.0,231.0,Miami (OH),2013,7,234,0,0,0,0,0,0
Sean Renfree,42,898,1389,64.7,9465,51,3.7,40,2.9,6.8,6.25,10.5,225.4,128.2,75.0,219.0,Duke,2013,7,249,0,0,0,0,0,0
Andrew Luck,38,713,1064,67.0,9430,82,7.7,22,2.1,8.9,9.47,13.2,248.2,162.8,76.0,240.0,Stanford,2012,1,1,1,1,1,0,1,0
Robert Griffin,41,800,1192,67.1,10366,78,6.5,17,1.4,8.7,9.36,13.0,252.8,158.9,74.0,213.0,Baylor,2012,1,2,0,0,0,0,1,0
Ryan Tannehill,50,484,774,62.5,5450,42,5.4,21,2.7,7.0,6.91,11.3,109.0,134.2,76.0,217.0,Texas A&M,2012,1,8,1,1,1,0,1,0
Brandon Weeden,30,767,1103,69.5,9260,75,6.8,27,2.4,8.4,8.65,12.1,308.7,157.6,75.0,227.0,Oklahoma St.,2012,1,22,0,0,0,0,0,0
Brock Osweiler,25,412,680,60.6,5082,33,4.9,15,2.2,7.5,7.45,12.3,203.3,135.0,79.0,240.0,Arizona St.,2012,2,57,0,0,0,0,0,1
Russell Wilson,50,907,1489,60.9,11720,109,7.3,30,2.0,7.9,8.43,12.9,234.4,147.2,71.0,206.0,Wisconsin,2012,3,75,1,1,1,0,1,1
Nick Foles,36,938,1404,66.8,10068,67,4.8,33,2.4,7.2,7.07,10.7,279.7,138.1,78.0,262.0,Arizona,2012,3,88,1,0,1,0,1,1
Kirk Cousins,45,723,1128,64.1,9131,66,5.9,30,2.7,8.1,8.07,12.6,202.9,146.1,75.0,205.0,Michigan St.,2012,4,102,1,1,1,0,1,0
Ryan Lindley,49,961,1732,55.5,12690,90,5.2,47,2.7,7.3,7.14,13.2,259.0,128.8,75.0,229.0,San Diego St.,2012,6,185,0,0,0,0,0,0
Chandler Harnish,47,687,1110,61.9,8944,68,6.1,26,2.3,8.1,8.23,13.0,190.3,145.1,74.0,219.0,Northern Illinois,2012,7,253,0,0,0,0,0,0
Cam Newton,20,191,292,65.4,2908,30,10.3,7,2.4,10.0,10.93,15.2,145.4,178.2,77.0,245.0,Florida,2011,1,1,1,1,1,0,1,0
Jake Locker,40,619,1147,54.0,7639,53,4.6,35,3.1,6.7,6.21,12.3,191.0,119.1,74.0,228.0,Washington,2011,1,8,0,0,0,0,0,0
Blaine Gabbert,31,568,933,60.9,6822,40,4.3,18,1.9,7.3,7.30,12.0,220.1,132.6,76.0,233.0,Missouri,2011,1,10,1,0,0,0,1,1
Christian Ponder,35,596,965,61.8,6872,49,5.1,30,3.1,7.1,6.74,11.5,196.3,132.1,74.0,222.0,Florida St.,2011,1,12,0,0,0,0,1,0
Andy Dalton,50,812,1317,61.7,10314,71,5.4,30,2.3,7.8,7.88,12.7,206.3,140.7,74.0,220.0,TCU,2011,2,35,1,1,1,0,1,0
Colin Kaepernick,51,740,1271,58.2,10098,82,6.5,24,1.9,7.9,8.39,13.6,198.0,142.5,76.0,225.0,Nevada,2011,2,36,1,0,1,0,1,0
Ryan Mallett,37,552,955,57.8,8385,69,7.2,24,2.5,8.8,9.09,15.2,226.6,150.4,78.0,240.0,Michigan,2011,3,74,0,0,0,0,0,0
Ricky Stanzi,39,542,907,59.8,7377,56,6.2,31,3.4,8.1,7.83,13.6,189.2,141.6,76.0,223.0,Iowa,2011,5,135,0,0,0,0,0,0
Nathan Enderle,46,779,1427,54.6,10084,74,5.2,60,4.2,7.1,6.21,12.9,219.2,122.7,76.0,240.0,Idaho,2011,5,160,0,0,0,0,0,0
Tyrod Taylor,50,495,865,57.2,7017,44,5.1,20,2.3,8.1,8.09,14.2,140.3,137.5,73.0,217.0,Virginia Tech,2011,6,180,1,1,1,0,1,1
Greg McElroy,35,436,658,66.3,5691,39,5.9,10,1.5,8.6,9.15,13.1,162.6,155.4,74.0,222.0,Alabama,2011,7,208,0,0,0,0,0,0
Sam Bradford,31,604,893,67.6,8403,88,9.9,16,1.8,9.4,10.57,13.9,271.1,175.6,76.0,224.0,Oklahoma,2010,1,1,1,0,1,0,1,0
Tim Tebow,55,661,995,66.4,9285,88,8.8,16,1.6,9.3,10.38,14.0,168.8,170.8,74.0,236.0,Florida,2010,1,25,0,0,0,0,0,0
Jimmy Clausen,35,695,1110,62.6,8148,60,5.4,27,2.4,7.3,7.33,11.7,232.8,137.2,75.0,217.0,Notre Dame,2010,2,48,0,0,0,0,0,0
Colt McCoy,53,1157,1645,70.3,13253,112,6.8,45,2.7,8.1,8.19,11.5,250.1,155.0,73.0,212.0,Texas,2010,3,85,0,0,0,0,1,0
Mike Kafka,30,408,637,64.1,4265,19,3.0,20,3.1,6.7,5.88,10.5,142.2,123.9,75.0,216.0,Northwestern,2010,4,122,0,0,0,0,0,0
Rusty Smith,45,768,1361,56.4,10112,76,5.6,36,2.6,7.4,7.36,13.2,224.7,132.0,77.0,212.0,Florida Atlantic,2010,6,176,0,0,0,0,0,0
Joe Webb,37,468,792,59.1,5771,37,4.7,25,3.2,7.3,6.80,12.3,156.0,129.4,76.0,231.0,Ala-Birmingham,2010,6,199,0,0,0,0,0,0
Tony Pike,27,421,682,61.7,5018,49,7.2,20,2.9,7.4,7.48,11.9,185.9,141.4,77.0,212.0,Cincinnati,2010,6,204,0,0,0,0,0,0
Levi Brown,23,522,830,62.9,6284,38,4.6,12,1.4,7.6,7.84,12.0,273.2,138.7,75.0,229.0,Troy,2010,7,209,0,0,0,0,0,0
Zac Robinson,45,610,999,61.1,8317,66,6.6,31,3.1,8.3,8.25,13.6,184.8,146.6,75.0,218.0,Oklahoma St.,2010,7,250,0,0,0,0,0,0
Caleb Williams,37,735,1099,66.9,10082,93,8.5,14,1.3,9.2,10.29,13.7,272.5,169.3,73.0,215.0,Oklahoma,2024,1,1,0,0,0,0,0,0
Jayden Daniels,55,953,1438,66.3,12749,89,6.2,20,1.4,8.9,9.48,13.4,231.8,158.4,76.0,210.0,Arizona St.,2024,1,2,0,0,0,0,0,0
Drake Maye,30,618,952,64.9,8018,63,6.6,16,1.7,8.4,8.99,13.0,267.3,154.1,76.0,225.0,North Carolina,2024,1,3,0,0,0,0,0,0
Michael Penix,48,1067,1685,63.3,13741,96,5.7,34,2.0,8.2,8.39,12.9,286.3,146.6,74.0,216.0,Indiana,2024,1,8,0,0,0,0,0,0
J.J. McCarthy,40,482,713,67.6,6226,49,6.9,11,1.5,8.7,9.41,12.9,155.7,160.5,75.0,219.0,Michigan,2024,1,10,0,0,0,0,0,0
Spencer Rattler,48,900,1313,68.5,10807,77,5.9,32,2.4,8.2,8.31,12.0,225.1,152.2,72.0,211.0,Oklahoma,2024,5,150,0,0,0,0,0,0
Jordan Travis,49,637,1027,62.0,8715,66,6.4,20,1.9,8.5,8.89,13.7,177.9,150.6,73.0,200.0,Louisville,2024,5,171,0,0,0,0,0,0
Joe Milton,43,400,649,61.6,5353,37,5.7,11,1.7,8.2,8.63,13.4,124.5,146.3,77.0,246.0,Michigan,2024,6,193,0,0,0,0,0,0
Devin Leary,43,777,1315,59.1,9553,87,6.6,28,2.1,7.3,7.63,12.3,222.2,137.7,73.0,216.0,North Carolina St.,2024,6,218,0,0,0,0,0,0
Michael Pratt,46,729,1203,60.6,9602,90,7.5,26,2.2,8.0,8.51,13.2,208.7,148.0,74.0,217.0,Tulane,2024,7,245,0,0,0,0,0,0
Bryce Young,35,624,949,65.8,8356,80,8.4,12,1.3,8.8,9.92,13.4,238.7,165.0,70.0,204.0,Alabama,2023,1,1,0,0,0,0,0,0
C.J. Stroud,27,575,830,69.3,8123,85,10.2,12,1.4,9.8,11.18,14.1,300.9,182.4,75.0,218.0,Ohio St.,2023,1,2,0,0,0,0,0,0
Anthony Richardson,24,215,393,54.7,3105,24,6.1,15,3.8,7.9,7.40,14.4,129.4,133.6,76.0,244.0,Florida,2023,1,4,0,0,0,0,0,0
Will Levis,39,479,738,64.9,5877,46,6.2,25,3.4,8.0,7.69,12.3,150.7,145.6,76.0,229.0,Penn St.,2023,2,33,0,0,0,0,0,0
Hendon Hooker,49,632,944,66.9,8974,80,8.5,12,1.3,9.5,10.63,14.2,183.1,172.2,75.0,220.0,Virginia Tech,2023,3,68,0,0,0,0,0,0
Jake Haener,33,740,1085,68.2,9120,68,6.3,18,1.7,8.4,8.91,12.3,276.4,156.2,73.0,200.0,Washington,2023,4,127,0,0,0,0,0,0
Stetson Bennett,42,601,923,65.1,8429,66,7.2,21,2.3,9.1,9.54,14.0,200.7,160.9,71.0,190.0,Jones County JC,2023,4,128,0,0,0,0,0,0
Aidan O'Connell,33,826,1238,66.7,9219,65,5.3,30,2.4,7.4,7.41,11.2,279.4,141.8,75.0,210.0,Purdue,2023,4,135,0,0,0,0,0,0
Clayton Tune,47,956,1498,63.8,11996,104,6.9,41,2.7,8.0,8.16,12.5,255.2,148.5,75.0,220.0,Houston,2023,5,139,0,0,0,0,0,0
Dorian Thompson-Robinson,50,860,1359,63.3,10710,88,6.5,36,2.6,7.9,7.98,12.5,214.2,145.6,74.0,203.0,UCLA,2023,5,140,0,0,0,0,0,0
Sean Clifford,51,833,1356,61.4,10661,86,6.3,31,2.3,7.9,8.10,12.8,209.0,143.8,74.0,218.0,Penn St.,2023,5,149,0,0,0,0,0,0
Jaren Hall,31,468,718,65.2,6174,52,7.2,11,1.5,8.6,9.36,13.2,199.2,158.2,72.0,207.0,BYU,2023,5,164,0,0,0,0,0,0
Tanner McKee,23,473,748,63.2,5336,28,3.7,15,2.0,7.1,6.98,11.3,232.0,131.5,78.0,228.0,Stanford,0,0,0,0,0,0,0,0,0
Max Duggan,47,739,1225,60.3,9618,73,6.0,28,2.3,7.9,8.01,13.0,204.6,141.4,73.0,207.0,TCU,2023,7,239,0,0,0,0,0,0
Kenny Pickett,52,1045,1674,62.4,12303,81,4.8,32,1.9,7.3,7.46,11.8,236.6,136.3,75.0,220.0,Pittsburgh,2022,1,20,0,0,0,0,0,0
Desmond Ridder,50,810,1304,62.1,10239,87,6.7,28,2.1,7.9,8.22,12.6,204.8,145.8,75.0,207.0,Cincinnati,2022,3,74,0,0,0,0,0,0
Matt Corral,37,614,912,67.3,8287,57,6.3,23,2.5,9.1,9.20,13.5,224.0,159.2,74.0,205.0,Mississippi,2022,3,94,0,0,0,0,0,0
Bailey Zappe,14,475,687,69.1,5967,62,9.0,11,1.6,8.7,9.77,12.6,426.2,168.7,73.0,215.0,Houston Christian,2022,4,137,0,0,0,0,0,0
Sam Howell,37,713,1117,63.8,10283,92,8.2,23,2.1,9.2,9.93,14.4,277.9,164.2,73.0,220.0,North Carolina,2022,5,144,0,0,0,0,0,0
Chris Oladokun,9,23,45,51.1,297,3,6.7,1,2.2,6.6,6.93,12.9,33.0,124.1,73.0,213.0,South Florida,2022,7,241,0,0,0,0,0,0
Skylar Thompson,45,552,885,62.4,7134,42,4.7,16,1.8,8.1,8.20,12.9,158.5,142.1,74.0,210.0,Kansas St.,2022,7,247,0,0,0,0,0,0
Brock Purdy,48,993,1467,67.7,12170,81,5.5,33,2.2,8.3,8.39,12.3,253.5,151.1,73.0,220.0,Iowa St.,2022,7,262,0,1,0,0,0,0
Trevor Lawrence,40,758,1138,66.6,10098,90,7.9,17,1.5,8.9,9.78,13.3,252.5,164.3,78.0,220.0,Clemson,2021,1,1,1,1,1,0,1,0
Zach Wilson,30,566,837,67.6,7652,56,6.7,15,1.8,9.1,9.67,13.5,255.1,162.9,74.0,214.0,BYU,2021,1,2,0,0,0,0,0,0
Justin Fields,34,423,618,68.4,5701,67,10.8,9,1.5,9.2,10.74,13.5,167.7,178.8,75.0,227.0,Georgia,2021,1,11,0,0,0,0,1,0
Kyle Trask,29,552,813,67.9,7386,69,8.5,15,1.8,9.1,9.95,13.4,254.7,168.5,77.0,236.0,Florida,2021,2,64,0,0,0,0,0,0
Kellen Mond,47,801,1358,59.0,9661,71,5.2,27,2.0,7.1,7.27,12.1,205.6,132.0,75.0,212.0,Texas A&M,2021,3,66,0,0,0,0,0,0
Davis Mills,14,287,438,65.5,3468,18,4.1,8,1.8,7.9,7.92,12.1,247.7,141.9,76.0,225.0,Stanford,2021,3,67,0,0,0,0,0,0
Ian Book,48,728,1141,63.8,8948,72,6.3,20,1.8,7.8,8.32,12.3,186.4,147.0,72.0,212.0,Notre Dame,2021,4,133,0,0,0,0,0,0
Sam Ehlinger,46,923,1476,62.5,11436,94,6.4,27,1.8,7.7,8.20,12.4,248.6,145.0,74.0,225.0,Texas,2021,6,218,0,0,0,0,0,0
Joe Burrow,39,650,945,68.8,8852,78,8.3,11,1.2,9.4,10.49,13.6,227.0,172.4,76.0,215.0,Ohio St.,2020,1,1,1,1,1,0,1,0
Tua Tagovailoa,33,474,684,69.3,7442,87,12.7,11,1.6,10.9,12.70,15.7,225.5,199.4,73.0,225.0,Alabama,2020,1,5,1,1,1,0,1,0
Justin Herbert,44,827,1293,64.0,10541,95,7.3,23,1.8,8.2,8.82,12.7,239.6,153.1,78.0,236.0,Oregon,2020,1,6,1,1,1,0,1,0
Jalen Hurts,56,682,1046,65.2,9477,80,7.6,20,1.9,9.1,9.73,13.9,169.2,162.7,73.0,223.0,Alabama,2020,2,53,1,1,1,0,1,0
Jacob Eason,31,468,782,59.8,5590,39,5.0,16,2.0,7.1,7.23,11.9,180.3,132.3,78.0,231.0,Georgia,2020,4,122,0,0,0,0,0,0
James Morgan,45,699,1221,57.2,8629,65,5.3,34,2.8,7.1,6.88,12.3,191.8,128.6,76.0,229.0,Bowling Green,2020,4,125,0,0,0,0,0,0
Jake Fromm,43,621,982,63.2,8224,78,7.9,18,1.8,8.4,9.14,13.2,191.3,156.1,74.0,215.0,Georgia,2020,5,167,0,0,0,0,0,0
Jake Luton,32,494,795,62.1,5610,43,5.4,15,1.9,7.1,7.29,11.4,175.3,135.5,78.0,224.0,Idaho,2020,6,189,0,0,0,0,0,0
Cole McDonald,33,616,1004,61.4,8032,70,7.0,24,2.4,8.0,8.32,13.0,243.4,146.8,75.0,215.0,Hawaii,2020,7,224,0,0,0,0,0,0
Ben DiNucci,12,91,167,54.5,1107,6,3.6,7,4.2,6.6,5.46,12.2,92.3,113.6,74.0,215.0,Pittsburgh,2020,7,231,0,0,0,0,0,0
Tommy Stevens,32,121,202,59.9,1459,15,7.4,6,3.0,7.2,7.37,12.1,45.6,139.1,77.0,235.0,Penn St.,2020,7,240,0,0,0,0,0,0
Nate Stanley,45,673,1155,58.3,8302,68,5.9,23,2.0,7.2,7.47,12.3,184.5,134.1,76.0,235.0,Iowa,2020,7,244,0,0,0,0,0,0
