name,hof_yr,college,wAV,AV,pass_rating,draft_yr,retire_yr,yrs_played,gm_play,gm_start,pass_yds,pass_ypg,TD,TD%,INT,INT%,att,cmp,cmp_%,YPA,adj_YPA,net_YPA,adj_net_YPA,YPC,round,pick,all_star,superbowls,comebacks,GWD,wt,wins,losses,ht_in
Greg Cook,0,Cincinnati,10.0,10.0,87.6,1969,1973,2,12,11,1865.0,155.4,15,7.5,11,5.5,200,107,53.5,9.3,8.35,7.29,6.44,17.4,1,5,[],0,1,0,220.0,4,6,76.0
Marty Domres,8842,Columbia,19.0,21.0,53.8,1969,1977,9,90,32,4904.0,54.5,27,3.3,50,6.2,809,399,49.3,6.1,3.95,4.86,2.93,12.3,1,9,0,0,3,2,220.0,12,20,76.0
Terry Hanratty,8842,Notre Dame,8.0,8.0,43.0,1969,1976,8,50,18,2510.0,50.2,24,5.6,35,8.1,431,165,38.3,5.8,3.28,4.75,2.4,15.2,2,30,[],2,3,2,210.0,6,12,73.0
Bobby Douglass,8842,Kansas,37.0,41.0,48.5,1969,1978,10,91,53,6493.0,71.4,36,3.1,64,5.4,1178,507,43.0,5.5,3.68,3.8,2.21,12.8,2,41,0,0,3,4,225.0,16,36,76.0
Al Woodall,0,Duke,13.0,13.0,60.3,1969,1974,5,31,19,2970.0,95.8,18,3.6,23,4.6,503,246,48.9,5.9,4.56,4.47,3.27,12.1,2,52,0,0,1,1,205.0,5,14,77.0
James Harris,8842,Grambling St.,38.0,42.0,67.3,1969,1979,10,83,41,8136.0,98.0,45,3.9,59,5.1,1149,607,52.8,7.1,5.55,5.81,4.41,13.4,8,192,['1x Pro Bowl'],0,6,9,210.0,25,16,76.0
Sam Havrilak,8842,Bucknell,10.0,0.0,124.0,1969,1974,6,75,15,4.0,10.1,3,1.0,51,761.0,3,289,32.0,4.0,62.0,4.0,10.0,0.7,8,207,[],1,0,0,195.0,73,0,74.0
Bob Naponic,0,Illinois,0.0,0.0,8.0,1969,0,0,2,0,0.0,5.2,0,2.0,10,21.0,30,20,85.0,-0.25,14.2,-2.07,0.0,42.5,10,256,0,0,0,0,190.0,6,0,72.0
Brian Dowling,0,Yale,1.0,1.0,4.0,1969,1977,3,27,0,2.0,79.6,3,1.0,1,42.0,52,55,383.0,6.87,13.2,5.34,0.0,14.2,11,277,0,0,0,1,210.0,29,0,74.0
Greg Landry,8842,Massachusetts,80.0,96.0,72.9,1968,1984,15,146,98,16052.0,109.9,98,4.3,103,4.5,2300,1276,55.5,7.0,5.82,5.18,4.16,12.6,1,11,['1x Pro Bowl'],0,8,8,210.0,44,51,76.0
Eldridge Dickey,0,Tennessee St.,1.0,0.0,112.0,1968,1971,2,18,2,34.0,22.4,0,6.2,0,0.0,22,112,1.0,0.0,0.0,,,5.0,1,25,0,0,0,0,198.0,5,0,74.0
Gary Beban,0,UCLA,0.0,0.0,6.0,1968,1969,2,5,0,3.6,2.4,3,1.0,1,12.0,0,18,5.0,0.0,12.0,0.0,0.0,0.2,2,30,0,0,0,0,195.0,5,0,73.0
Mike Livingston,8842,SMU,42.0,50.0,63.3,1968,1979,12,91,75,11295.0,124.1,56,3.2,83,4.7,1751,912,52.1,6.5,4.96,5.2,3.83,12.4,2,48,['1x Pro Bowl'],1,6,7,212.0,31,43,76.0
Ken Stabler,1974,Alabama,93.0,118.0,75.3,1968,1984,15,184,146,27938.0,151.8,194,5.1,222,5.9,3793,2270,59.8,7.4,5.75,6.24,4.74,12.3,2,52,"['4x Pro Bowl', '1x All-Pro']",1,16,23,215.0,96,49,75.0
Gary Davis,8842,Cal Poly-San Luis Obispo,23.0,0.0,407.0,1976,1981,6,80,13,4.4,8.4,17,4.1,83,671.0,7,1410,65.0,1.0,34.0,9.0,24.0,1.0,6,174,0,0,0,0,202.0,324,0,70.0
Billy Stevens,0,Texas-El Paso,0.0,0.0,0.0,1968,0,2,3,0,0.0,39.6,0,0.0,0,12.0,20,5,12.0,2.4,12.0,2.4,0.0,4.0,3,67,0,0,0,0,195.0,1,0,74.0
Kim Hammond,0,Florida St.,0.0,0.0,3.0,1968,0,2,6,0,0.0,34.2,0,2.0,6,25.0,46,32,147.0,1.78,9.8,0.83,0.0,24.5,6,142,0,0,0,0,190.0,15,0,73.0
Dewey Warren,0,Tennessee,2.0,2.0,60.7,1968,1968,0,7,4,506.0,72.3,1,1.3,4,5.0,80,47,58.8,6.3,4.33,4.86,3.08,10.8,6,155,0,0,0,0,205.0,0,4,72.0
Dan Darragh,0,William & Mary,2.0,-2.0,30.4,1968,1970,3,17,11,1353.0,79.6,4,1.4,22,7.4,296,127,42.9,4.6,1.5,2.96,0.23,10.7,13,336,0,0,1,0,196.0,1,10,75.0
Marlin Briscoe,8842,Nebraska-Omaha,42.0,49.0,62.1,1968,1976,9,105,74,1697.0,16.2,14,6.0,14,6.0,233,97,41.6,7.3,5.78,5.33,4.01,17.5,14,357,['1x Pro Bowl'],2,1,2,178.0,2,3,71.0
Steve Spurrier,8842,Florida,26.0,29.0,60.1,1967,1976,10,106,38,6878.0,64.9,40,3.5,60,5.2,1151,597,51.9,6.0,4.32,5.03,3.49,11.5,1,3,0,0,2,1,204.0,13,24,74.0
Bob Griese,1971,Purdue,104.0,138.0,77.1,1967,1980,14,161,151,25092.0,155.9,192,5.6,172,5.0,3429,1926,56.2,7.3,6.18,5.89,4.85,13.0,1,4,"['8x Pro Bowl', '2x All-Pro']",2,15,19,190.0,92,56,73.0
Don Horn,8842,Washington St.,10.0,10.0,55.9,1967,1974,8,57,15,3369.0,59.1,20,4.3,36,7.7,465,232,49.9,7.2,4.62,6.37,3.89,14.5,1,25,[],1,1,1,195.0,6,8,74.0
Tim Jones,0,Southern Miss,1.0,0.0,0.0,0,0,3,6,3,0.0,0.0,5,45.5,20,0.4,113,14,8.1,63.6,5.1,14.0,8.1,0.0,0,0,0,0,113,0,200.0,22,0,73.0
Virgil Carter,8842,BYU,26.0,28.0,69.9,1967,1976,7,52,30,5063.0,97.4,29,3.7,31,3.9,785,425,54.1,6.4,5.41,5.6,4.62,11.9,6,142,0,0,1,3,192.0,16,14,73.0
Paul Krause,8842,Iowa,119.0,0.0,,1964,1979,16,226,203,3.0,,19,163.0,3,2.0,3,1185,81.0,162.0,,,,,2,18,"['8x Pro Bowl', '3x All-Pro']",0,0,0,200.0,81,0,75.0
Randy Johnson,8842,Texas A&M-Kingsville,24.0,28.0,55.1,1966,1976,10,75,49,8329.0,111.1,51,4.0,90,7.0,1286,647,50.3,6.5,4.12,4.89,2.78,12.9,1,16,0,0,2,2,205.0,10,38,75.0
Rick Norton,0,Kentucky,6.0,6.0,30.0,1966,1970,5,32,11,1815.0,56.7,7,1.8,30,7.9,382,159,41.6,4.8,1.58,3.23,0.41,11.4,1,2,0,0,0,2,200.0,1,10,74.0
Tim Van Galder,0,New Mex. Mil. Inst.,2.0,2.0,34.5,1966,1972,0,5,5,434.0,86.8,1,1.3,7,8.9,79,40,50.6,5.5,1.76,4.02,0.71,10.9,2,13,0,0,0,0,200.0,1,3,74.0
Ron Meyer,0,South Dakota St.,0.0,0.0,4.0,1966,0,0,4,0,0.0,23.8,0,1.0,5,19.0,36,19,59.0,0.74,8.4,-0.39,0.0,14.8,7,107,0,0,0,0,205.0,7,0,76.0
Steve Sloan,0,Alabama,0.0,0.0,7.4,1966,0,2,8,1,134.0,16.8,0,0.0,4,12.9,31,10,32.3,4.3,-1.48,0.55,-3.55,13.4,11,156,0,0,0,0,185.0,0,1,72.0
Benjy Dial,0,Eastern New Mexico,0.0,0.0,1.0,1966,0,0,1,0,0.0,42.4,0,0.0,0,5.0,33,3,5.0,1.67,5.0,-3.25,0.0,5.0,13,188,0,0,0,0,185.0,1,0,73.0
Jim Ward,0,Gettysburg,1.0,1.0,3.0,1966,1971,3,13,0,2.0,63.8,7,2.0,7,22.0,50,26,165.0,4.42,12.7,3.03,0.0,12.7,14,215,[],0,0,1,196.0,13,0,74.0
Jim LeClair,0,C.W. Post,2.0,2.0,50.7,1966,1968,2,8,4,676.0,84.5,2,2.0,6,6.1,99,46,46.5,6.8,4.51,3.27,1.47,14.7,16,241,0,0,0,0,200.0,0,4,73.0
Benny Russell,0,Louisville,0.0,0.0,0.0,1966,0,0,1,0,0.0,56.2,0,0.0,0,3.0,50,2,3.0,1.5,3.0,,,3.0,11,99,0,0,0,0,190.0,1,0,73.0
Joe Namath,1965,Alabama,94.0,115.0,65.5,1965,1977,13,140,129,27663.0,197.6,173,4.6,220,5.8,3762,1886,50.1,7.4,5.64,6.62,4.99,14.7,1,2,"['5x Pro Bowl', '1x All-Pro']",1,15,15,200.0,62,63,74.0
Craig Morton,8842,California,84.0,118.0,73.5,1965,1982,18,207,144,27908.0,134.8,183,4.8,187,4.9,3786,2053,54.2,7.4,6.12,5.93,4.8,13.6,1,5,[],1,12,21,214.0,81,62,76.0
Joe Namath,1965,Alabama,94.0,115.0,65.5,1965,1977,13,140,129,27663.0,197.6,173,4.6,220,5.8,3762,1886,50.1,7.4,5.64,6.62,4.99,14.7,1,2,"['5x Pro Bowl', '1x All-Pro']",1,15,15,200.0,62,63,74.0
John Huarte,0,Notre Dame,1.0,1.0,22.4,1965,1972,6,24,1,230.0,9.6,1,2.1,5,10.4,48,19,39.6,4.8,0.52,2.98,-0.61,12.1,2,12,0,0,0,0,185.0,0,1,72.0
John Huarte,0,Notre Dame,1.0,1.0,22.4,1965,1972,6,24,1,230.0,9.6,1,2.1,5,10.4,48,19,39.6,4.8,0.52,2.98,-0.61,12.1,2,12,0,0,0,0,185.0,0,1,72.0
Gary Lane,0,Missouri,1.0,1.0,73.2,1965,1968,3,18,1,254.0,14.1,2,4.7,1,2.3,43,21,48.8,5.9,5.79,4.77,4.66,12.1,2,16,0,0,0,0,210.0,0,1,73.0
Ernie Kellerman,8842,Miami (OH),38.0,0.0,,1965,1973,8,105,76,1.0,,6,0.0,0,0.0,1,142,40.0,44.0,,,,,12,159,['1x Pro Bowl'],0,0,0,183.0,19,0,72.0
Steve Tensi,8842,Florida St.,20.0,21.0,59.0,1965,1970,6,56,34,5558.0,99.3,43,5.0,46,5.3,862,369,42.8,6.4,5.04,5.18,3.89,15.1,4,30,0,0,1,1,215.0,10,23,77.0
Karl Sweetan,0,Texas A&M,9.0,9.0,48.3,1965,1970,5,36,19,3210.0,89.2,17,2.9,34,5.8,590,269,45.6,5.4,3.42,4.43,2.56,11.9,18,249,0,0,1,0,203.0,6,10,73.0
George Wilson,0,Notre Dame,5.0,5.0,42.4,1965,1966,0,14,7,764.0,54.6,5,4.5,10,8.9,112,46,41.1,6.8,3.7,4.97,2.21,16.6,12,96,0,0,0,0,185.0,2,5,74.0
Pete Beathard,8842,USC,26.0,31.0,49.9,1964,1973,10,110,35,8176.0,74.3,43,3.4,84,6.6,1282,575,44.9,6.4,4.1,5.39,3.25,14.2,1,2,[],0,2,1,200.0,18,16,73.0
Bill Munson,8842,Utah St.,48.0,58.0,71.5,1964,1979,16,107,66,12896.0,120.5,84,4.2,80,4.0,1982,1070,54.0,6.5,5.54,5.28,4.4,12.1,1,7,0,0,8,8,203.0,27,34,74.0
George Mira,8842,Miami (FL),10.0,11.0,57.4,1964,1971,7,60,8,2110.0,35.2,19,5.5,20,5.8,346,148,42.8,6.1,4.6,4.66,3.31,14.3,2,15,0,0,0,0,190.0,5,3,72.0
Jack Concannon,8842,Boston Col.,26.0,29.0,54.8,1964,1975,10,90,45,6270.0,69.7,36,3.2,63,5.7,1110,560,50.5,5.6,3.74,4.59,2.83,11.2,1,1,0,0,1,1,205.0,20,24,75.0
Dick Shiner,8842,Maryland,17.0,18.0,61.3,1964,1974,10,99,29,4801.0,48.5,36,4.9,43,5.8,736,354,48.1,6.5,4.87,4.92,3.46,13.6,7,87,0,0,2,2,201.0,7,21,72.0
Gary Wood,8842,Cornell,10.0,10.0,55.4,1964,1969,6,63,9,2575.0,40.9,14,3.5,23,5.8,400,186,46.5,6.4,4.55,4.85,3.15,13.8,8,109,0,0,1,1,192.0,1,8,71.0
Larry Rakestraw,0,Georgia,3.0,3.0,40.7,1964,1968,3,13,4,589.0,45.3,4,3.6,9,8.1,111,51,45.9,5.3,2.38,4.03,1.37,11.5,11,87,0,0,0,0,195.0,0,4,74.0
Roger Staubach,1970,New Mex. Mil. Inst.,104.0,127.0,83.4,1964,1979,11,131,114,22700.0,173.3,153,5.2,109,3.7,2958,1685,57.0,7.7,7.05,6.28,5.72,13.5,16,122,['6x Pro Bowl'],2,13,21,197.0,85,29,75.0
Ron Smith,8842,San Diego St.,12.0,0.0,64.0,1978,1983,6,66,12,42.0,0.0,1,15.4,1,7.0,16,1014,4.0,7.0,7.0,3.0,12.0,0.1,2,53,0,0,0,0,185.0,63,0,72.0
Bob Berry,8842,Oregon,38.0,42.0,77.2,1964,1975,11,78,52,9197.0,117.9,64,5.5,64,5.5,1173,661,56.4,7.8,6.48,5.71,4.54,13.9,11,142,['1x Pro Bowl'],0,4,5,185.0,20,29,71.0
Jerry Rhome,8842,SMU,7.0,7.0,55.2,1964,1971,7,71,7,1628.0,22.9,7,2.5,14,5.0,280,139,49.6,5.8,4.06,4.52,2.94,11.7,13,172,0,0,1,1,190.0,1,5,72.0
Terry Baker,0,Oregon St.,6.0,0.0,88.0,1963,1965,3,18,4,3.6,16.8,11,3.2,30,302.0,1,210,18.0,2.0,38.0,4.0,6.0,1.7,1,1,0,0,0,0,200.0,58,0,75.0
Don Trull,8842,Baylor,17.0,18.0,61.6,1963,1969,6,77,18,3980.0,51.7,30,4.7,28,4.4,637,276,43.3,6.2,5.21,4.58,3.66,14.4,14,111,0,0,2,2,195.0,4,12,73.0
Pete Liske,0,Penn St.,18.0,19.0,60.4,1963,1972,5,48,29,5170.0,107.7,30,3.9,46,5.9,778,396,50.9,6.6,4.76,5.44,3.82,13.1,15,115,0,0,3,2,200.0,13,15,75.0
Bill Nelsen,8842,USC,54.0,61.0,70.2,1963,1972,10,90,74,14165.0,157.4,98,5.1,101,5.3,1905,963,50.6,7.4,6.08,6.27,5.01,14.7,10,136,['1x Pro Bowl'],0,8,8,195.0,40,31,72.0
Mike Taliaferro,8842,Illinois,13.0,13.0,46.1,1963,1972,8,82,32,5241.0,63.9,36,3.7,63,6.5,966,419,43.4,5.4,3.24,4.22,2.2,12.5,10,138,['1x Pro Bowl'],0,2,2,202.0,11,21,74.0
Daryle Lamonica,8842,Notre Dame,74.0,88.0,72.9,1963,1974,12,151,88,19154.0,126.8,164,6.3,138,5.3,2601,1288,49.5,7.4,6.24,6.41,5.35,14.9,12,168,"['5x Pro Bowl', '2x All-Pro']",0,18,17,215.0,66,16,75.0
Roman Gabriel,8842,North Carolina St.,98.0,130.0,74.3,1962,1977,16,183,157,29444.0,160.9,201,4.5,149,3.3,4498,2366,52.6,6.5,5.95,5.5,4.95,12.4,1,1,"['4x Pro Bowl', '1x All-Pro']",0,16,15,220.0,86,64,77.0
Roman Gabriel,8842,North Carolina St.,98.0,130.0,74.3,1962,1977,16,183,157,29444.0,160.9,201,4.5,149,3.3,4498,2366,52.6,6.5,5.95,5.5,4.95,12.4,1,1,"['4x Pro Bowl', '1x All-Pro']",0,16,15,220.0,86,64,77.0
John Hadl,8842,Kansas,106.0,146.0,67.4,1962,1977,16,224,166,33503.0,149.6,244,5.2,268,5.7,4687,2363,50.4,7.1,5.62,6.22,4.77,14.2,1,10,"['6x Pro Bowl', '1x All-Pro']",0,15,15,214.0,82,75,73.0
Sonny Gibbs,0,TCU,0.0,0.0,0.0,1962,0,0,2,0,0.0,2.8,0,1.0,33,3.0,33,3,3.0,-14.0,3.0,-14.0,0.0,1.5,2,18,0,0,0,0,230.0,1,0,79.0
Eddie Wilson,8842,Arizona,3.0,3.0,65.9,1962,1965,4,56,2,1251.0,22.3,5,2.7,6,3.2,186,90,48.4,6.7,5.81,5.67,4.76,13.9,3,19,[],0,1,0,190.0,0,0,72.0
Glynn Griffing,0,Mississippi,2.0,2.0,4.0,1962,1963,0,13,0,3.0,52.7,7,4.0,10,64.0,40,40,306.0,4.65,19.1,3.34,0.0,23.5,4,54,0,0,0,2,200.0,16,0,73.0
Norm Snead,8842,Wake Forest,87.0,114.0,65.5,1961,1976,16,178,159,30797.0,173.0,196,4.5,257,5.9,4353,2276,52.3,7.1,5.32,5.97,4.34,13.5,1,2,['4x Pro Bowl'],0,14,19,215.0,52,100,76.0
Fran Tarkenton,1975,Georgia,148.0,233.0,80.4,1961,1978,18,246,239,47003.0,191.1,342,5.3,266,4.1,6467,3686,57.0,7.3,6.47,5.94,5.21,12.8,3,29,"['9x Pro Bowl', '1x All-Pro']",0,29,33,190.0,124,109,72.0
Ron Miller,0,Wisconsin,1.0,1.0,57.3,1961,1962,0,6,1,250.0,41.7,1,2.3,1,2.3,43,17,39.5,5.8,5.23,3.64,3.14,14.7,3,41,0,0,0,0,190.0,0,1,72.0
Terry Nofsinger,0,Utah,1.0,1.0,47.5,1961,1967,7,24,6,1357.0,56.5,4,1.5,12,4.6,260,118,45.4,5.2,3.45,3.91,2.3,11.5,17,230,0,0,1,0,215.0,1,5,76.0
Mike McFarland,0,,,0.0,,0,0,0,0,0,,,0,,0,,0,0,,,,,,,0,0,0,0,0,0,252.0,0,0,77.0
Mike Jones,8842,Tennessee St.,22.0,0.0,172.0,1983,1989,6,79,37,70.0,0.1,2,30.0,7,60.0,14,2372,11.0,36.0,8.6,4.0,24.0,0.8,6,159,0,0,0,0,181.0,165,0,71.0
Richie Lucas,0,Penn St.,4.0,4.0,47.4,1960,1961,2,22,14,596.0,27.1,4,4.0,7,7.1,99,43,43.4,6.0,3.65,4.53,2.43,13.9,1,4,0,0,0,0,190.0,1,2,72.0
Warren Rabb,0,LSU,6.0,6.0,58.6,1960,1962,3,30,10,1782.0,59.4,15,6.0,16,6.4,251,101,40.2,7.1,5.43,5.97,4.42,17.6,2,15,0,0,2,2,204.0,6,3,75.0
Don Meredith,8842,SMU,72.0,84.0,74.8,1960,1968,9,104,83,17199.0,165.4,135,5.8,111,4.8,2308,1170,50.7,7.5,6.46,5.96,5.07,14.7,3,32,['3x Pro Bowl'],0,8,8,210.0,47,32,75.0
Charley Johnson,8842,Schreiner College,79.0,100.0,69.2,1960,1975,15,165,124,24410.0,147.9,170,5.0,181,5.3,3392,1737,51.2,7.2,5.8,6.09,4.79,14.1,8,64,['1x Pro Bowl'],0,19,17,200.0,59,57,73.0
Pete Hall,0,Marquette,0.0,0.0,22.0,1960,1961,0,12,2,20.0,11.0,0,1.8,0,0.0,11,22,0.0,0.0,0.0,,,2.0,12,144,0,0,0,0,200.0,2,0,74.0
Dean Look,0,Michigan St.,0.0,0.0,9.0,1960,1962,0,1,0,4.5,4.5,9,2.0,0,0.0,0,9,8.0,0.0,0.0,,,2.0,20,231,0,0,0,0,185.0,2,0,71.0
Randy Duncan,0,Iowa,2.0,2.0,41.9,1959,1961,0,14,2,361.0,25.8,1,1.5,3,4.5,67,25,37.3,5.4,3.67,3.34,1.83,14.4,1,1,0,0,0,0,185.0,1,1,72.0
Dave Baker,0,Oklahoma,22.0,0.0,,1959,1961,3,38,37,2.0,,3,5.0,0,1.0,0,294,40.0,22.0,,,,,1,5,['1x Pro Bowl'],0,0,0,192.0,21,0,72.0
Lee Grosscup,0,Washington,3.0,3.0,53.8,1959,1962,3,16,4,1086.0,67.9,10,5.8,12,6.9,173,73,42.2,6.3,4.31,4.87,3.66,14.9,1,10,0,0,0,0,187.0,1,3,73.0
Buddy Humphrey,0,Baylor,3.0,3.0,48.6,1959,1966,7,26,5,1094.0,42.1,4,2.3,12,6.9,175,87,49.7,6.3,3.62,5.19,2.69,12.6,2,16,0,0,0,0,198.0,0,5,73.0
Richie Petitbon,8842,Loyola (LA),85.0,0.0,,1959,1972,14,179,174,4.0,,13,34.0,0,2.0,3,801,101.0,107.0,,,,,2,21,"['4x Pro Bowl', '1x All-Pro']",0,0,0,206.0,48,0,75.0
Dick Wood,8842,Auburn,17.0,18.0,52.9,1959,1966,5,60,33,7153.0,119.2,51,4.3,71,5.9,1194,522,43.7,6.0,4.17,5.21,3.48,13.7,12,144,0,0,2,1,205.0,13,18,77.0
Joe Kapp,8842,California,23.0,24.0,55.1,1959,1970,4,51,48,5911.0,115.9,40,4.4,64,7.0,918,449,48.9,6.4,4.17,4.87,2.85,13.2,18,209,['1x Pro Bowl'],0,4,4,215.0,24,21,74.0
Johnny Green,0,Chattanooga,11.0,11.0,56.7,1959,1963,4,30,19,3921.0,130.7,26,4.2,34,5.5,618,275,44.5,6.3,4.71,4.93,3.55,14.3,21,247,0,0,4,5,198.0,8,11,75.0
Dick Jamieson,0,Bradley,2.0,2.0,95.3,1959,1961,2,14,1,586.0,41.9,6,8.6,2,2.9,70,35,50.0,8.4,8.8,6.78,7.17,16.7,25,291,0,0,0,0,191.0,1,0,73.0
King Hill,8842,Rice,20.0,24.0,49.3,1958,1969,12,123,29,5553.0,45.1,37,4.2,71,8.1,881,429,48.7,6.3,3.52,5.57,3.15,12.9,1,1,0,0,3,3,212.0,8,20,75.0
Jim Ninowski,8842,Michigan St.,27.0,30.0,55.4,1958,1969,12,89,31,7133.0,80.1,34,3.2,67,6.4,1048,513,49.0,6.8,4.58,5.54,3.58,13.9,4,49,[],0,1,2,206.0,15,15,73.0
Frank Ryan,8842,Rice,77.0,90.0,77.6,1958,1970,13,126,87,16042.0,127.3,149,7.0,111,5.2,2133,1090,51.1,7.5,6.58,6.1,5.33,14.7,5,55,['3x Pro Bowl'],0,8,9,199.0,57,27,75.0
Bob Brodhead,0,Duke,1.0,1.0,0.0,1958,0,0,4,1,75.0,18.8,0,0.0,3,12.0,25,7,28.0,3.0,-2.4,0.65,-3.71,10.7,12,144,0,0,0,0,207.0,1,0,74.0
John Brodie,8842,Stanford,99.0,129.0,72.3,1957,1973,17,201,158,31548.0,157.0,214,4.8,224,5.0,4491,2469,55.0,7.0,5.73,6.32,5.19,12.8,1,3,"['2x Pro Bowl', '1x All-Pro']",0,21,22,198.0,74,76,73.0
Len Dawson,1962,Purdue,109.0,143.0,82.6,1957,1975,19,211,159,28711.0,136.1,239,6.4,183,4.9,3741,2136,57.1,7.7,6.75,6.14,5.33,13.4,1,5,"['7x Pro Bowl', '2x All-Pro']",1,15,16,190.0,94,57,72.0
Milt Plum,8842,Penn St.,53.0,59.0,72.2,1957,1969,13,129,103,17536.0,135.9,122,5.0,127,5.3,2419,1306,54.0,7.2,5.9,6.24,4.63,13.4,2,17,['2x Pro Bowl'],0,8,9,205.0,56,41,73.0
Sonny Jurgensen,1960,Duke,105.0,136.0,82.6,1957,1974,18,218,147,32224.0,147.8,255,6.0,189,4.4,4262,2433,57.1,7.6,6.76,6.52,5.81,13.2,4,43,"['5x Pro Bowl', '1x All-Pro']",0,18,14,202.0,69,71,71.0
Andy Nelson,8842,Memphis,29.0,0.0,,1957,1964,8,103,92,1.0,,3,0.0,0,1.0,3,378,69.0,31.0,,,,,11,126,"['1x Pro Bowl', '1x All-Pro']",0,0,0,180.0,33,0,73.0
Jack Kemp,8842,Occidental,70.0,83.0,57.3,1957,1969,10,122,105,21218.0,173.9,114,3.7,183,6.0,3073,1436,46.7,6.9,4.97,5.84,4.06,14.8,17,203,"['7x Pro Bowl', '2x All-Pro']",0,11,11,201.0,65,37,73.0
Earl Morrall,8842,Michigan St.,68.0,86.0,74.1,1956,1976,21,255,102,20809.0,81.6,161,6.0,148,5.5,2689,1379,51.3,7.7,6.46,6.45,5.53,15.1,1,2,"['2x Pro Bowl', '2x All-Pro']",3,14,11,205.0,63,36,73.0
John Roach,8842,SMU,12.0,12.0,48.7,1956,1964,7,64,23,2765.0,43.2,24,5.8,37,9.0,413,182,44.1,6.7,3.83,5.56,2.83,15.2,3,31,[],0,2,2,197.0,7,12,76.0
Jerry Reichow,8842,Iowa,22.0,0.0,192.0,1956,1964,8,95,52,57.0,0.2,1,27.1,20,105.0,15,2579,24.0,46.0,5.3,2.0,23.0,1.1,4,38,['1x Pro Bowl'],0,0,0,217.0,172,0,74.0
George Herring,0,Southern Miss,0.0,0.0,29.3,1956,1961,2,28,3,1297.0,46.3,5,2.1,23,9.9,233,102,43.8,5.6,1.55,4.19,0.58,12.7,16,184,0,0,0,1,200.0,0,3,74.0
Bart Starr,1966,Alabama,91.0,115.0,80.5,1956,1971,16,196,157,24718.0,126.1,152,4.8,138,4.4,3149,1808,57.4,7.8,6.84,6.33,5.69,13.7,17,200,"['4x Pro Bowl', '1x All-Pro']",2,18,17,197.0,94,57,73.0
John Stephens,8842,Northwestern St. (LA),23.0,0.0,9.2,1988,1993,6,88,64,3.6,1.2,39,10.7,41,105.0,18,3440,52.0,7.7,1.0,4.0,4252.0,43.0,1,17,['1x Pro Bowl'],0,19,12,220.0,945,0,73.0
Jim Miller,0,Michigan St.,16.0,17.0,10.5,1994,2002,6,37,27,6387.0,5.46,36,3.4,31,3.0,1046,610,58.3,41.6,77.0,238.0,3.68,6.1,6,178,0,0,5,5,226.0,15,12,74.0
George Shaw,8842,Oregon,9.0,9.0,58.8,1955,1962,8,71,31,5829.0,82.1,41,5.1,63,7.9,802,405,50.5,7.3,4.76,6.49,3.48,14.4,1,1,[],0,1,1,183.0,12,17,73.0
Ralph Guglielmi,8842,Notre Dame,13.0,13.0,46.5,1955,1963,7,66,27,4119.0,62.4,24,3.8,52,8.3,626,292,46.6,6.6,3.61,4.75,2.52,14.1,1,4,0,0,2,0,196.0,8,16,73.0
Johnny Unitas,1960,Louisville,113.0,145.0,78.2,1955,1973,18,211,185,40239.0,190.7,290,5.6,253,4.9,5186,2830,54.6,7.8,6.68,6.76,5.46,14.2,9,102,"['10x Pro Bowl', '5x All-Pro']",1,34,38,194.0,118,63,73.0
Lamar McHan,0,Arkansas,9.0,9.0,50.3,1954,1963,10,113,70,9449.0,83.6,73,5.1,108,7.5,1442,610,42.3,6.6,4.19,5.84,2.96,15.5,1,2,0,0,6,6,201.0,24,44,73.0
Cotton Davidson,0,Baylor,41.0,45.0,54.9,1954,1968,10,111,53,11760.0,105.9,73,4.2,108,6.2,1752,770,43.9,6.7,4.77,5.81,4.11,15.3,1,5,['2x Pro Bowl'],0,5,4,182.0,19,33,73.0
Tom Yewcic,8842,Michigan St.,12.0,0.0,,1954,1966,0,77,0,38.6,,70,8.0,12,,377,6,14553.0,,,,,,27,319,0,0,0,0,185.0,77,0,71.0
Zeke Bratkowski,0,Georgia,20.0,22.0,54.3,1953,1971,14,132,49,10345.0,78.4,65,4.4,122,8.2,1484,762,51.3,7.0,4.15,5.88,3.27,13.6,2,17,[],2,5,7,210.0,18,30,74.0
Rudy Bukich,0,Iowa,30.0,32.0,66.6,1953,1968,14,103,41,8433.0,81.9,61,5.1,74,6.2,1190,626,52.6,7.1,5.31,5.87,4.72,13.5,2,24,[],0,7,5,195.0,21,17,73.0
Billy Wade,0,Vanderbilt,48.0,53.0,72.2,1952,1966,13,128,85,18530.0,144.8,124,4.9,134,5.3,2523,1370,54.3,7.3,5.94,6.31,4.83,13.5,1,1,['2x Pro Bowl'],0,10,11,202.0,40,43,74.0
Al Dorow,0,Michigan St.,26.0,27.0,53.8,1952,1962,7,69,45,7708.0,111.7,64,5.3,93,7.7,1207,572,47.4,6.4,3.98,5.29,3.22,13.5,3,31,['2x Pro Bowl'],0,5,5,193.0,19,26,72.0
Don Heinrich,0,Washington,1.0,1.0,49.6,1952,1962,8,56,34,2287.0,40.8,17,4.2,23,5.7,406,164,40.4,5.6,3.92,5.16,3.19,13.9,3,35,[],0,0,0,182.0,20,12,72.0
Adrian Burk,0,Baylor,,,52.2,1951,1956,7,82,42,7001.0,85.4,61,5.7,89,8.2,1079,500,46.3,6.5,3.91,,,14.0,14,160,['2x Pro Bowl'],0,0,0,190.0,15,25,74.0
Adrian Burk,0,Baylor,,,52.2,1951,1956,7,82,42,7001.0,85.4,61,5.7,89,8.2,1079,500,46.3,6.5,3.91,,,14.0,14,160,['2x Pro Bowl'],0,0,0,190.0,15,25,74.0
Tobin Rote,0,Rice,16.0,16.0,56.8,1950,1966,13,149,116,18850.0,126.5,148,5.1,191,6.6,2907,1329,45.7,6.5,4.55,5.7,5.19,14.2,2,17,"['2x Pro Bowl', '1x All-Pro']",0,7,7,211.0,48,64,75.0
Eddie LeBaron,0,Pacific,19.0,20.0,61.4,1950,1963,11,134,85,13399.0,100.0,104,5.8,141,7.9,1796,898,50.0,7.5,5.09,6.47,4.48,14.9,10,123,['4x Pro Bowl'],0,13,13,168.0,28,54,69.0
Butch Songin,0,Boston Col.,18.0,18.0,67.1,1950,1962,3,35,20,4347.0,124.2,38,5.5,31,4.5,694,327,47.1,6.3,5.35,5.25,4.41,13.3,19,247,0,0,2,1,190.0,8,11,74.0
Frank Tripucka,0,Notre Dame,19.0,20.0,52.2,1949,1963,8,75,56,10282.0,137.1,69,4.0,124,7.1,1745,879,50.4,5.9,3.49,5.11,3.17,11.7,1,9,['1x Pro Bowl'],0,8,8,192.0,17,34,74.0
Norm Van Brocklin,1960,Oregon,17.0,17.0,75.1,1949,1960,12,140,101,23611.0,168.7,173,6.0,178,6.1,2895,1553,53.6,8.2,6.58,7.81,7.11,15.2,4,37,"['9x Pro Bowl', '1x All-Pro']",0,19,17,190.0,61,36,73.0
Jim Finks,1995,Tulsa,,,54.7,1949,1955,7,79,66,8622.0,109.1,55,4.0,88,6.4,1382,661,47.8,6.2,4.17,,,13.0,12,116,['1x Pro Bowl'],0,0,0,180.0,18,27,71.0
George Blanda,1970,Kentucky,97.0,128.0,60.6,1949,1975,26,340,106,26920.0,79.2,236,5.9,277,6.9,4007,1911,47.7,6.7,4.79,6.28,4.72,14.1,12,119,"['4x Pro Bowl', '1x All-Pro']",0,17,17,215.0,53,50,74.0
Harry Gilmer,0,Alabama,,,48.0,1948,1956,8,76,26,3786.0,49.8,23,4.0,45,7.8,579,263,45.4,6.5,3.84,,,14.4,1,1,['2x Pro Bowl'],0,0,0,169.0,0,10,72.0
Bobby Layne,1950,Texas,20.0,21.0,63.4,1948,1962,15,175,145,26768.0,153.0,196,5.3,243,6.6,3700,1814,49.0,7.2,5.34,6.67,4.44,14.8,1,3,"['6x Pro Bowl', '2x All-Pro']",0,18,19,201.0,80,48,73.0
George Ratterman,0,Notre Dame,,,70.4,1948,1956,10,92,46,10473.0,113.8,91,6.5,96,6.9,1396,737,52.8,7.5,5.71,6.95,5.19,14.2,16,139,[],0,3,3,192.0,9,8,72.0
Johnny Lujack,0,Notre Dame,,,65.3,1946,1951,4,45,32,6295.0,139.9,41,5.1,54,6.7,808,404,50.0,7.8,5.8,,,15.6,1,4,"['2x Pro Bowl', '1x All-Pro']",0,0,0,186.0,13,5,72.0
Jim Hardy,0,USC,,,53.1,1945,1952,7,69,21,5690.0,82.5,54,5.9,73,8.0,912,423,46.4,6.2,3.82,,,13.5,1,8,['1x Pro Bowl'],0,0,0,180.0,4,9,72.0
Charlie Conerly,0,Mississippi,6.0,6.0,68.2,1945,1961,14,161,105,19488.0,121.0,173,6.1,167,5.9,2833,1418,50.1,6.9,5.45,6.25,3.94,13.7,13,127,['2x Pro Bowl'],0,15,19,185.0,57,31,73.0
Otto Graham,1950,Northwestern,,,86.6,1944,1955,10,126,114,23584.0,187.2,174,6.6,135,5.1,2626,1464,55.8,9.0,7.99,7.9,7.64,16.1,1,4,"['5x Pro Bowl', '7x All-Pro']",0,12,10,196.0,57,13,73.0
Bob Waterfield,1940,UCLA,,,61.6,1944,1952,8,91,57,11849.0,130.2,97,6.0,128,7.9,1617,814,50.3,7.3,4.97,,,14.6,5,42,"['2x Pro Bowl', '3x All-Pro']",0,0,0,200.0,14,8,73.0
Frankie Albert,0,Stanford,,,73.5,1942,1952,7,90,68,10795.0,119.9,115,7.4,98,6.3,1564,831,53.1,6.9,5.55,6.04,5.86,13.0,1,10,['1x Pro Bowl'],0,5,7,166.0,13,16,70.0
Sid Luckman,1940,Columbia,,,269.0,1939,1950,12,128,61,137.0,75.0,7,132.0,7,86.0,51,1744,14686.0,6.59,16.2,,,114.7,1,2,"['3x Pro Bowl', '5x All-Pro']",0,0,0,197.0,904,0,72.0
Sammy Baugh,1940,TCU,,,72.2,1937,1952,16,167,84,21886.0,131.1,187,6.2,203,6.8,2995,1693,56.5,7.3,5.51,,,12.9,1,6,"['6x Pro Bowl', '4x All-Pro']",0,0,0,182.0,11,10,74.0
Jack Thompson,8842,Washington St.,13.0,14.0,63.4,1979,1984,6,51,21,5315.0,104.2,33,3.9,45,5.3,845,449,53.1,6.3,4.67,4.97,3.5,11.8,1,3,0,0,2,3,217.0,4,17,75.0
Phil Simms,8842,Morehead St.,91.0,118.0,78.5,1979,1993,14,164,159,33462.0,204.0,199,4.3,157,3.4,4647,2576,55.4,7.2,6.54,5.86,5.26,13.0,1,7,['2x Pro Bowl'],2,11,17,216.0,95,64,75.0
Steve Fuller,8842,Clemson,28.0,31.0,70.1,1979,1986,7,90,42,7156.0,79.5,28,2.6,41,3.8,1066,605,56.8,6.7,5.51,5.01,3.96,11.8,1,23,[],1,6,8,198.0,19,23,76.0
Joe Montana,1989,Notre Dame,125.0,166.0,11.9,1979,1994,15,192,164,40551.0,7.37,273,5.1,139,2.6,5391,3409,63.2,45.9,96.0,2095.0,5.49,7.5,3,82,"['8x Pro Bowl', '3x All-Pro']",4,6,6,200.0,117,47,74.0
Steve Dils,8842,Stanford,16.0,17.0,65.8,1979,1988,10,106,27,5816.0,54.9,27,2.8,32,3.3,972,504,51.9,6.0,5.06,4.98,4.13,11.5,4,97,0,0,1,5,190.0,10,17,73.0
Chuck Fusina,0,Penn St.,0.0,0.0,2.0,1979,1986,4,14,0,1.0,60.4,2,2.0,5,42.0,59,37,198.0,3.46,9.0,3.21,0.0,14.1,5,133,0,0,0,0,197.0,22,0,73.0
Mike Moroski,8842,UC Davis,7.0,8.0,66.0,1979,1986,8,69,9,2864.0,41.5,8,1.9,18,4.2,425,241,56.7,6.7,5.21,5.49,4.09,11.9,6,154,0,0,1,0,200.0,3,6,76.0
Jeff Komlo,0,Delaware,5.0,5.0,50.9,1979,1983,4,25,16,2603.0,104.1,12,2.7,28,6.4,437,218,49.9,6.0,3.62,4.48,2.38,11.9,9,231,0,0,1,1,200.0,2,14,74.0
Jeff Rutledge,8842,Alabama,7.0,8.0,61.4,1979,1992,13,117,10,3628.0,31.0,16,3.0,29,5.5,526,274,52.1,6.9,5.02,5.58,3.87,13.2,9,246,[],2,4,5,195.0,2,7,73.0
Doug Williams,8842,Grambling St.,56.0,63.0,69.4,1978,1989,9,88,81,16998.0,193.2,100,4.0,93,3.7,2507,1240,49.5,6.8,5.91,6.28,5.43,13.7,1,17,[],1,17,20,220.0,38,42,76.0
Matt Cavanaugh,8842,Pittsburgh,15.0,16.0,71.7,1978,1991,13,112,19,4332.0,38.7,28,4.8,30,5.2,579,305,52.7,7.5,6.12,6.06,4.82,14.2,2,50,[],2,3,3,212.0,8,11,74.0
Guy Benjamin,0,Stanford,1.0,1.0,4.0,1978,1983,6,19,0,3.0,73.1,4,3.0,4,73.0,57,68,439.0,5.35,11.3,4.5,1.0,23.1,2,51,[],1,1,1,210.0,39,0,76.0
Mark Miller,0,Bowling Green,1.0,1.0,5.0,1978,1979,2,10,0,1.0,17.7,2,5.0,10,44.0,31,47,243.0,0.81,16.2,-0.17,0.0,24.3,3,68,0,0,0,1,176.0,15,0,74.0
Gifford Nielsen,8842,BYU,10.0,11.0,70.0,1978,1983,6,55,14,3255.0,59.2,20,4.0,22,4.4,498,273,54.8,6.5,5.35,5.32,4.24,11.9,3,73,0,0,2,2,205.0,3,11,76.0
Pat Ryan,8842,Tennessee,13.0,14.0,69.2,1978,1991,13,145,19,4320.0,29.8,31,4.7,35,5.3,657,364,55.4,6.6,5.12,5.63,4.28,11.9,11,281,0,0,2,3,210.0,11,8,75.0
Bill Kenney,8842,Arizona St.,50.0,58.0,77.0,1978,1988,9,106,77,17277.0,163.0,105,4.3,86,3.5,2430,1330,54.7,7.1,6.38,6.02,5.34,13.0,12,333,['1x Pro Bowl'],0,3,6,211.0,34,43,76.0
Steve Pisarkiewicz,0,Missouri,2.0,2.0,49.4,1977,1980,3,10,4,804.0,80.4,3,2.1,7,4.9,143,64,44.8,5.6,3.84,4.33,2.73,12.6,1,19,0,0,1,1,205.0,2,2,74.0
Tommy Kramer,8842,Rice,70.0,84.0,72.8,1977,1990,14,129,110,24777.0,192.1,159,4.4,158,4.3,3651,2012,55.1,6.8,5.71,5.95,4.94,12.3,1,27,['1x Pro Bowl'],0,15,19,200.0,54,56,74.0
Glenn Carano,0,UNLV,1.0,1.0,65.2,1977,1983,6,36,1,304.0,8.4,3,5.3,1,1.8,57,21,36.8,5.3,5.6,4.97,5.22,14.5,2,54,0,0,1,1,201.0,1,0,75.0
Vince Ferragamo,8842,California,33.0,35.0,70.1,1977,1986,9,75,53,11336.0,151.1,76,4.7,91,5.6,1615,902,55.9,7.0,5.42,6.18,4.68,12.6,4,91,0,0,5,5,212.0,27,26,75.0
Randy Dean,0,Northwestern,2.0,2.0,31.5,1977,1979,3,23,3,279.0,12.1,1,1.5,5,7.7,65,30,46.2,4.3,1.14,3.43,0.5,9.3,5,117,0,0,0,0,195.0,1,2,75.0
Cliff Stoudt,8842,Youngstown St.,16.0,17.0,58.3,1977,1989,8,66,20,4506.0,68.3,23,3.4,43,6.3,684,359,52.5,6.6,4.43,5.28,3.34,12.6,5,121,0,0,4,4,215.0,9,11,76.0
Cliff Olander,0,New Mexico St.,1.0,1.0,25.9,1977,0,3,15,1,125.0,8.3,0,0.0,3,12.5,24,12,50.0,5.2,-0.42,3.81,-1.19,10.4,5,128,0,0,0,0,191.0,1,0,77.0
Vince Evans,8842,USC,29.0,34.0,13.5,1977,1995,15,100,39,9485.0,5.18,52,3.7,74,5.3,1390,704,50.6,40.4,89.0,904.0,7.82,6.8,6,140,0,0,5,4,215.0,14,25,74.0
Randy Hedberg,0,Minot St.,1.0,1.0,0.0,1977,0,0,7,4,244.0,34.9,0,0.0,10,11.1,90,25,27.8,2.7,-2.29,1.08,-3.21,9.8,8,196,0,0,0,0,200.0,0,4,75.0
David Whitehurst,8842,Furman,20.0,21.0,59.2,1977,1983,7,54,37,6205.0,114.9,28,2.9,51,5.2,980,504,51.4,6.3,4.56,5.07,3.46,12.3,8,206,0,0,2,3,204.0,16,20,74.0
Matt Robinson,8842,Georgia,12.0,12.0,50.2,1977,1982,6,69,20,3519.0,51.0,18,3.4,38,7.3,523,244,46.7,6.7,4.15,5.24,2.92,14.4,9,227,0,0,1,1,196.0,10,10,74.0
Sam Adkins,0,Wichita St.,2.0,2.0,9.0,1977,1981,4,11,0,2.0,40.7,5,4.0,10,31.0,43,39,232.0,2.36,13.6,0.4,0.0,21.1,10,254,0,0,0,2,214.0,17,0,74.0
Richard Todd,8842,Alabama,61.0,71.0,67.6,1976,1985,10,119,108,20610.0,173.2,124,4.2,161,5.4,2967,1610,54.3,6.9,5.34,5.72,4.25,12.8,1,6,0,0,9,14,207.0,48,59,74.0
Mike Kruczek,0,Boston Col.,7.0,7.0,62.8,1976,0,5,36,7,1185.0,32.9,0,0.0,8,5.2,154,93,60.4,7.7,5.36,5.44,3.41,12.7,2,47,[],0,0,0,202.0,6,1,73.0
Jeb Blount,0,Tulsa,1.0,1.0,28.4,1976,0,0,5,4,522.0,104.4,0,0.0,7,7.9,89,37,41.6,5.9,2.33,3.35,0.4,14.1,2,50,0,0,0,0,200.0,0,4,75.0
Steve Myer,0,New Mexico,4.0,4.0,43.5,1976,1979,3,12,4,851.0,70.9,6,3.8,14,8.8,160,83,51.9,5.3,2.13,4.56,1.54,10.3,4,93,0,0,0,0,191.0,1,3,74.0
Craig Penrose,0,Colorado,3.0,3.0,41.2,1976,1979,4,18,4,711.0,39.5,5,4.3,12,10.3,117,55,47.0,6.1,2.32,5.43,1.82,12.9,4,107,0,0,1,1,211.0,3,1,75.0
Mike Kirkland,0,Arkansas,1.0,1.0,30.7,1976,1978,0,16,2,211.0,13.2,1,2.4,8,19.5,41,19,46.3,5.1,-3.15,2.56,-3.98,11.1,5,143,0,0,0,0,195.0,0,2,73.0
Scott Bull,0,Arkansas,5.0,5.0,24.8,1976,1978,3,36,7,992.0,27.6,3,1.6,17,8.8,193,76,39.4,5.1,1.49,3.28,0.16,13.1,6,177,0,0,0,0,211.0,3,4,77.0
Parnell Dickinson,0,Miss. Valley St.,1.0,1.0,25.5,1976,1976,0,8,1,210.0,26.3,1,2.6,5,12.8,39,15,38.5,5.4,0.13,1.62,-2.25,14.0,7,183,0,0,0,0,185.0,0,1,74.0
Jerry Golsteyn,0,Northern Illinois,2.0,2.0,36.2,1976,1983,5,21,9,1077.0,51.3,2,0.9,13,6.0,217,92,42.4,5.0,2.45,3.35,1.16,11.7,12,333,0,0,2,2,207.0,2,7,76.0
Chris Rowland,0,Tennessee St.,0.0,0.0,,0,2020,0,2,0,0.0,0.0,0,,2,53.0,0,0,,27.0,26.5,,,53.0,0,0,0,0,0,0,180.0,2,0,68.0
Steve Bartkowski,8842,California,69.0,84.0,75.4,1975,1986,12,129,127,24124.0,187.0,156,4.5,144,4.2,3456,1932,55.9,7.0,6.01,5.55,4.67,12.5,1,1,['2x Pro Bowl'],0,18,21,216.0,59,68,76.0
Mike Franckowiak,8842,Central Michigan,1.0,0.0,18.0,1975,1978,4,57,1,1.9,0.7,0,0.2,4,42.0,0,26,7.0,0.0,11.0,2.0,1.0,0.1,3,54,0,0,0,0,220.0,14,0,75.0
Steve Grogan,8842,Kansas St.,91.0,117.0,69.6,1975,1990,16,149,135,26886.0,180.4,182,5.1,208,5.8,3593,1879,52.3,7.5,5.89,6.48,4.99,14.3,5,116,0,0,13,20,210.0,75,60,76.0
David Humm,8842,Nebraska,2.0,2.0,46.3,1975,1984,10,95,1,753.0,7.9,3,2.2,8,5.8,137,63,46.0,5.5,3.31,4.38,2.37,12.0,5,128,[],2,0,0,188.0,0,1,74.0
Bob Avellini,8842,Maryland,28.0,30.0,54.8,1975,1984,9,73,50,7111.0,97.4,33,3.0,69,6.2,1110,560,50.5,6.4,4.2,5.04,3.04,12.7,6,135,0,0,7,10,208.0,23,27,74.0
Pat Haden,8842,USC,33.0,36.0,69.6,1975,1981,6,65,55,9296.0,143.0,52,3.8,60,4.4,1363,731,53.6,6.8,5.6,5.69,4.57,12.7,7,176,['1x Pro Bowl'],0,5,8,182.0,35,19,71.0
Carlos Brown,0,Pacific,2.0,2.0,35.0,1975,1976,2,26,3,396.0,15.2,3,3.8,6,7.7,78,29,37.2,5.1,2.38,3.75,1.36,13.7,12,296,0,0,0,0,210.0,0,3,75.0
Neal Jeffrey,0,Baylor,0.0,0.0,0.0,1975,0,0,5,0,0.0,89.6,0,0.0,0,7.0,100,2,11.0,5.5,5.5,5.5,0.0,2.2,17,423,0,0,0,0,180.0,2,0,73.0
Danny White,8842,Arizona St.,86.0,104.0,81.7,1974,1988,13,166,92,21959.0,132.3,155,5.3,132,4.5,2950,1761,59.7,7.4,6.48,6.23,5.34,12.5,3,53,['1x Pro Bowl'],1,11,14,193.0,62,30,74.0
David Jaynes,0,Kansas,0.0,0.0,0.0,1974,0,0,2,0,0.0,0.0,0,1.0,50,0.0,0,2,0.0,0.0,0.0,0.0,0.0,0.0,3,66,0,0,0,0,212.0,0,0,74.0
Kim McQuilken,0,Lehigh,4.0,4.0,17.9,1974,1979,5,26,7,1135.0,43.7,4,1.5,29,10.7,272,108,39.7,4.2,-0.33,2.68,-1.36,10.5,3,69,0,0,0,0,203.0,2,5,74.0
Gary Marangi,0,Boston Col.,3.0,3.0,36.1,1974,1976,3,19,7,1373.0,72.3,12,4.2,21,7.4,283,104,36.7,4.9,2.36,3.87,1.58,13.2,3,70,0,0,0,0,201.0,0,7,73.0
Carl Summerell,0,East Carolina,0.0,0.0,3.0,1974,0,2,10,0,0.0,22.4,0,5.0,17,41.0,44,29,157.0,-2.34,12.1,-3.06,0.0,15.7,4,80,0,0,0,0,208.0,13,0,76.0
Mike Boryla,0,Stanford,8.0,8.0,58.1,1974,1978,4,23,19,2838.0,123.4,20,3.9,29,5.6,519,272,52.4,5.5,3.72,4.29,2.7,10.4,4,87,['1x Pro Bowl'],0,1,1,200.0,8,11,75.0
Norris Weese,8842,Mississippi,9.0,10.0,66.9,1974,1979,4,57,7,1887.0,33.1,7,2.8,14,5.6,251,143,57.0,7.5,5.57,5.74,4.03,13.2,4,99,0,0,1,2,195.0,5,2,73.0
Jesse Freitas,0,Stanford,5.0,5.0,50.5,1974,1975,2,13,7,1244.0,95.7,8,3.7,13,5.9,219,98,44.7,5.7,3.74,4.12,2.42,12.7,6,133,0,0,1,2,203.0,2,5,73.0
Tom Owen,0,Wichita St.,9.0,9.0,52.5,1974,1981,6,26,9,2300.0,88.5,14,4.0,26,7.4,349,170,48.7,6.6,4.04,5.04,2.75,13.5,13,322,0,0,1,1,195.0,4,5,73.0
Bert Jones,8842,LSU,80.0,92.0,78.2,1973,1982,10,102,96,18190.0,178.3,124,4.9,101,4.0,2551,1430,56.1,7.1,6.32,5.81,5.07,12.7,1,2,"['1x Pro Bowl', '1x All-Pro']",0,8,11,210.0,47,49,75.0
Gary Huff,8842,Florida St.,10.0,11.0,46.8,1973,1978,6,57,28,4329.0,75.9,16,2.0,50,6.3,788,392,49.7,5.5,3.04,4.04,1.82,11.0,2,33,0,0,1,1,195.0,7,21,73.0
Ron Jaworski,8842,Youngstown St.,85.0,107.0,72.8,1973,1989,15,188,143,28190.0,149.9,179,4.3,164,4.0,4117,2187,53.1,6.8,5.92,5.66,4.81,12.9,2,37,['1x Pro Bowl'],0,17,23,196.0,73,69,74.0
Gary Keithley,0,Texas,3.0,3.0,35.7,1973,1973,0,14,2,369.0,26.4,1,1.4,5,6.8,73,32,43.8,5.1,2.25,4.21,1.58,11.5,2,45,0,0,0,0,210.0,1,1,75.0
Joe Ferguson,8842,Arkansas,81.0,106.0,68.4,1973,1990,17,186,171,29817.0,160.3,196,4.3,209,4.6,4519,2369,52.4,6.6,5.38,5.61,4.48,12.6,3,57,0,0,20,24,195.0,79,92,73.0
Dan Fouts,1982,Oregon,123.0,163.0,80.2,1973,1987,15,181,171,43040.0,237.8,254,4.5,242,4.3,5604,3297,58.8,7.7,6.64,6.88,5.9,13.1,3,64,"['6x Pro Bowl', '2x All-Pro']",0,21,23,204.0,86,84,75.0
Don Strock,8842,Virginia Tech,18.0,21.0,74.9,1973,1988,15,167,22,5349.0,32.0,45,5.8,42,5.4,779,443,56.9,6.9,5.6,6.16,4.95,12.1,5,111,0,0,7,8,220.0,16,6,77.0
Tony Adams,8842,Texas,9.0,10.0,55.5,1973,1987,5,53,10,2733.0,51.6,12,2.9,27,6.6,408,212,52.0,6.7,4.31,4.9,2.81,12.9,14,343,0,0,0,0,198.0,1,9,72.0
John Hufnagel,0,Penn St.,2.0,2.0,22.4,1973,1975,2,9,1,357.0,39.7,1,1.6,9,14.8,61,22,36.1,5.9,-0.46,3.55,-1.59,16.2,14,348,0,0,0,1,194.0,0,1,73.0
Dennis Morrison,0,Kansas St.,1.0,1.0,21.9,1973,1974,0,3,2,227.0,75.7,1,2.0,5,9.8,51,21,41.2,4.5,0.43,4.45,0.43,10.8,14,357,0,0,0,0,211.0,0,2,75.0
Jerry Tagge,0,Nebraska,8.0,8.0,44.2,1972,1974,3,18,12,1583.0,87.9,3,1.1,17,6.0,281,136,48.4,5.6,3.12,4.92,2.56,11.6,1,11,0,0,1,1,220.0,6,6,74.0
John Reaves,8842,Florida,10.0,11.0,51.4,1972,1987,9,51,17,3617.0,70.9,17,2.8,34,5.5,616,286,46.4,5.9,3.94,4.58,2.83,12.6,1,14,0,0,1,1,210.0,4,13,75.0
Pat Sullivan,0,Auburn,3.0,3.0,36.5,1972,1975,4,30,4,1155.0,38.5,5,2.3,16,7.3,220,93,42.3,5.3,2.43,3.98,1.42,12.4,2,40,0,0,0,0,198.0,0,4,72.0
Dean Carlson,0,Iowa St.,0.0,0.0,2.0,1972,0,0,1,0,0.0,45.4,0,1.0,6,34.0,46,15,116.0,4.73,16.6,3.41,0.0,116.0,7,179,0,0,0,0,210.0,7,0,75.0
Joe Gilliam,0,Tennessee St.,11.0,11.0,53.2,1972,1975,4,20,7,2103.0,105.2,9,2.7,17,5.1,331,147,44.4,6.4,4.59,5.83,4.12,14.3,11,273,[],2,1,2,187.0,4,2,74.0
Brian Sipe,8842,Grossmont College (CA),74.0,87.0,74.8,1972,1983,10,125,112,23713.0,189.7,154,4.5,149,4.3,3439,1944,56.5,6.9,5.84,5.96,4.97,12.2,13,330,"['1x Pro Bowl', '1x All-Pro']",0,17,23,195.0,57,55,73.0
Neil Graff,0,Wisconsin,1.0,1.0,58.3,1972,1977,3,29,2,288.0,9.9,2,4.2,3,6.3,48,25,52.1,6.0,4.02,4.6,2.81,11.5,16,414,0,0,0,0,205.0,0,2,75.0
Jim Plunkett,8842,Stanford,85.0,108.0,67.5,1971,1986,15,157,144,25882.0,164.9,164,4.4,198,5.3,3701,1943,52.5,7.0,5.47,5.54,4.16,13.3,1,1,[],2,18,22,220.0,72,72,75.0
Archie Manning,8842,Mississippi,76.0,94.0,67.1,1971,1984,13,151,139,23911.0,158.4,125,3.4,173,4.8,3642,2011,55.2,6.6,5.11,5.16,3.85,11.9,1,2,['2x Pro Bowl'],0,11,12,212.0,35,101,75.0
Dan Pastorini,8842,Santa Clara,62.0,72.0,59.1,1971,1983,12,140,117,18515.0,132.3,103,3.4,161,5.3,3055,1556,50.9,6.1,4.36,4.93,3.36,11.9,1,3,['1x Pro Bowl'],1,14,19,208.0,56,61,74.0
Lynn Dickey,8842,Kansas St.,67.0,80.0,70.9,1971,1985,13,152,111,23322.0,153.4,141,4.5,179,5.7,3125,1747,55.9,7.5,5.79,6.11,4.58,13.3,3,56,0,0,12,18,214.0,45,63,75.0
Leo Hart,0,Duke,0.0,0.0,7.6,1971,0,2,3,1,53.0,17.7,0,0.0,3,18.8,16,6,37.5,3.3,-5.13,1.05,-5.7,8.8,3,59,0,0,0,0,203.0,0,1,75.0
Ken Anderson,8842,Augustana (IL),120.0,160.0,81.9,1971,1986,16,192,172,32838.0,171.0,197,4.4,160,3.6,4475,2654,59.3,7.3,6.61,6.15,5.48,12.4,3,67,"['4x Pro Bowl', '1x All-Pro']",0,10,14,212.0,91,81,74.0
Joe Theismann,8842,Notre Dame,89.0,107.0,77.4,1971,1985,12,167,124,25206.0,150.9,160,4.4,138,3.8,3602,2044,56.7,7.0,6.16,5.69,4.93,12.3,4,99,"['2x Pro Bowl', '1x All-Pro']",1,18,22,192.0,77,47,72.0
Scott Hunter,8842,Alabama,20.0,22.0,55.0,1971,1979,7,64,42,4756.0,74.3,23,3.1,38,5.1,748,335,44.8,6.4,4.69,5.33,3.78,14.2,6,140,0,0,6,9,205.0,21,18,74.0
Joe Reed,8842,Baylor,12.0,13.0,48.1,1971,1979,8,50,19,2825.0,56.5,18,3.5,31,6.0,513,225,43.9,5.5,3.49,4.2,2.4,12.6,11,283,0,0,1,3,195.0,9,10,73.0
Bobby Scott,0,Tennessee,9.0,10.0,51.4,1971,1981,9,41,14,2781.0,67.8,15,3.0,28,5.6,500,237,47.4,5.6,3.64,4.28,2.54,11.7,14,340,0,0,2,2,201.0,4,10,73.0
Terry Bradshaw,1978,Louisiana Tech,107.0,140.0,70.9,1970,1983,14,168,158,27989.0,166.6,212,5.4,210,5.4,3901,2025,51.9,7.2,5.84,6.01,4.77,13.8,1,1,"['3x Pro Bowl', '1x All-Pro']",4,15,23,215.0,107,51,75.0
Mike Phipps,8842,Purdue,40.0,46.0,52.6,1970,1981,12,119,71,10506.0,88.3,55,3.1,108,6.0,1799,886,49.2,5.8,3.75,4.56,2.65,11.9,1,3,0,0,12,12,208.0,38,31,75.0
Dennis Shaw,8842,USC,19.0,20.0,56.8,1970,1975,6,50,37,6347.0,126.9,35,3.8,68,7.4,924,489,52.9,6.9,4.31,5.03,2.78,13.0,2,30,[],0,6,5,217.0,8,27,75.0
Bill Cappleman,0,Florida St.,0.0,0.0,0.0,1970,0,2,8,0,0.0,39.6,0,1.0,5,26.0,50,18,82.0,2.06,9.1,2.06,0.0,10.3,2,51,0,0,0,0,210.0,9,0,75.0
Steve Ramsey,8842,North Texas,23.0,25.0,58.9,1970,1976,7,54,31,6437.0,119.2,35,3.8,58,6.3,921,456,49.5,7.0,4.92,5.48,3.62,14.1,5,126,0,0,3,5,210.0,14,17,74.0
Wayne Clark,0,U.S. International,2.0,2.0,24.5,1970,0,5,40,5,745.0,18.6,0,0.0,14,11.7,120,52,43.3,6.2,0.96,4.84,0.07,14.3,8,198,0,0,0,0,203.0,1,4,74.0
Troy Aikman,1997,Oklahoma,96.0,120.0,11.4,1989,2000,12,165,165,32942.0,6.34,165,3.5,141,3.0,4715,2898,61.5,45.3,90.0,1748.0,5.21,7.0,1,1,['6x Pro Bowl'],3,6,5,219.0,94,71,76.0
Mike Elkins,0,Wake Forest,0.0,0.0,0.0,1989,0,0,1,0,0.0,16.7,0,1.0,50,5.0,50,2,5.0,-20.0,5.0,-20.0,0.0,5.0,2,32,0,0,0,0,221.0,1,0,75.0
Anthony Dilweg,0,Duke,4.0,4.0,72.3,1989,1990,2,10,7,1274.0,127.4,8,4.1,7,3.6,193,102,52.8,6.6,5.8,5.23,4.51,12.5,3,74,0,0,1,1,215.0,2,5,75.0
Erik Wilhelm,0,Oregon St.,3.0,3.0,11.8,1989,1996,6,22,1,912.0,5.46,5,3.7,6,4.4,136,77,56.6,43.8,46.0,43.0,5.56,6.7,3,83,0,0,6,4,217.0,0,1,75.0
Jeff Graham,8842,Ohio St.,59.0,0.0,0.0,1991,2001,11,160,129,30.0,0.0,328,48.9,83,3.4,8172,542,15.1,52.8,8.0,542.0,15.1,0.0,2,46,0,0,8172,30,200.0,1022,0,74.0
Jeff Carlson,0,Weber St.,2.0,2.0,34.1,1989,1992,3,7,3,636.0,90.9,2,1.8,9,7.9,114,49,43.0,5.6,2.38,4.23,1.38,13.0,4,102,0,0,0,0,215.0,0,3,75.0
Rodney Peete,8842,USC,46.0,56.0,12.2,1989,2004,15,104,87,16338.0,5.85,76,3.2,92,3.9,2346,1344,57.3,41.7,93.0,1372.0,9.42,7.0,6,141,0,0,5,4,230.0,45,42,72.0
Chris Chandler,8842,Washington,77.0,103.0,12.2,1988,2004,17,180,152,28484.0,6.32,170,4.2,146,3.6,4005,2328,58.1,43.1,94.0,2590.0,8.67,7.1,3,76,['2x Pro Bowl'],0,5,5,224.0,67,85,76.0
Scott Secules,8842,Virginia,5.0,5.0,50.9,1988,1993,4,57,4,1311.0,23.0,4,2.0,14,6.9,204,108,52.9,6.4,3.73,5.95,3.37,12.1,6,151,0,0,1,1,220.0,0,4,75.0
Stan Humphries,8842,LSU,50.0,56.0,12.0,1988,1997,8,88,81,17191.0,6.04,89,3.5,84,3.3,2516,1431,56.9,43.3,99.0,1182.0,5.41,6.8,6,159,0,0,6,5,223.0,50,31,74.0
Kerwin Bell,0,Florida,0.0,0.0,75.0,1988,1996,0,1,0,1.0,15.0,20,0.0,0,4.0,100,5,75.0,30.0,15.0,0.0,15.0,19.0,7,180,0,0,19,0,207.0,5,0,75.0
Vinny Testaverde,8842,Miami (FL),97.0,141.0,12.2,1987,2007,21,233,214,46233.0,5.93,275,4.1,267,4.0,6701,3787,56.5,43.9,89.0,417.0,2992.0,6.9,1,1,['2x Pro Bowl'],0,5,6,235.0,90,123,77.0
Kelly Stouffer,0,Colorado St.,2.0,2.0,54.5,1987,1992,4,22,16,2333.0,106.0,7,1.6,19,4.3,437,225,51.5,5.3,3.7,3.91,2.44,10.4,1,6,0,0,0,0,210.0,5,11,75.0
Chris Miller,8842,Oregon,51.0,60.0,12.2,1987,1999,10,98,92,19320.0,5.94,123,4.3,102,3.5,2892,1580,54.6,39.9,89.0,1527.0,6.74,6.7,1,13,['1x Pro Bowl'],0,5,5,212.0,34,58,74.0
Jim Harbaugh,8842,Michigan,79.0,102.0,11.4,1987,2000,14,177,140,26288.0,6.02,129,3.3,117,3.0,3918,2305,58.8,42.1,85.0,2132.0,8.44,6.7,1,26,['1x Pro Bowl'],0,5,5,215.0,66,74,75.0
Cody Carlson,0,Baylor,14.0,15.0,12.1,1987,1994,7,45,19,4469.0,5.51,21,3.2,28,4.2,659,370,56.1,34.0,81.0,374.0,7.57,6.8,3,64,0,0,5,4,202.0,11,8,75.0
Mark Vlasic,0,Iowa,3.0,3.0,63.2,1987,1991,4,15,4,762.0,50.8,4,2.8,5,3.5,142,75,52.8,5.4,4.35,4.74,3.76,10.2,4,88,0,0,1,1,205.0,2,2,75.0
Rich Gannon,8842,Delaware,97.0,118.0,11.3,1987,2004,17,157,132,28743.0,6.58,180,4.3,104,2.5,4206,2533,60.2,46.5,84.0,1689.0,6.7,6.8,4,98,"['4x Pro Bowl', '2x All-Pro']",0,6,5,210.0,76,56,75.0
Steve Beuerlein,8842,Notre Dame,69.0,85.0,12.7,1987,2003,14,147,102,24046.0,6.59,147,4.4,112,3.4,3328,1894,56.9,43.4,88.0,2124.0,9.07,7.2,4,110,['1x Pro Bowl'],1,5,5,220.0,47,55,75.0
Kevin Sweeney,0,Fresno St.,2.0,2.0,61.2,1987,1988,2,6,4,605.0,100.8,7,6.6,6,5.7,106,47,44.3,5.7,4.48,4.32,3.22,12.9,7,180,0,0,0,0,191.0,2,2,72.0
Don Majkowski,8842,Virginia,39.0,43.0,12.0,1987,1996,10,90,57,12700.0,5.78,66,3.5,67,3.5,1905,1056,55.4,41.5,79.0,1058.0,8.63,6.7,10,255,['1x Pro Bowl'],0,5,4,197.0,26,30,74.0
Brent Pease,0,Montana,2.0,2.0,44.4,1987,1988,2,20,3,792.0,39.6,3,2.2,9,6.7,135,62,45.9,5.9,3.31,5.2,2.77,12.8,11,295,0,0,0,0,201.0,2,1,74.0
Jim Everett,8842,Purdue,87.0,108.0,12.3,1986,1997,12,158,153,34837.0,6.3,203,4.1,175,3.6,4923,2841,57.7,45.3,81.0,1885.0,4.96,7.1,1,3,['1x Pro Bowl'],0,6,5,212.0,64,89,77.0
Chuck Long,0,Iowa,11.0,11.0,64.5,1986,1991,6,27,21,3747.0,138.8,19,3.1,28,4.6,607,331,54.5,6.2,4.72,5.26,3.9,11.3,1,12,0,0,0,1,217.0,4,17,76.0
Jack Trudeau,8842,Illinois,23.0,25.0,11.7,1986,1995,10,67,49,10243.0,4.85,42,2.6,69,4.2,1644,873,53.1,42.0,84.0,717.0,5.9,6.2,2,47,0,0,5,4,227.0,19,30,75.0
Bubby Brister,8842,Tulane,39.0,42.0,12.0,1986,2000,14,99,75,14445.0,5.68,81,3.7,78,3.5,2212,1207,54.6,39.1,90.0,1625.0,8.02,6.5,3,67,[],2,5,4,205.0,37,38,75.0
Hugh Millen,0,Washington,15.0,16.0,11.5,1986,1995,8,40,25,6440.0,5.72,22,2.4,35,3.8,928,560,60.3,44.0,76.0,830.0,11.95,6.9,3,71,0,0,5,4,216.0,7,18,77.0
Mark Rypien,8842,Washington St.,54.0,60.0,12.6,1986,2001,11,104,78,18473.0,6.43,115,4.4,88,3.4,2613,1466,56.1,41.6,82.0,664.0,3.58,7.1,6,146,['2x Pro Bowl'],1,6,5,231.0,47,31,76.0
Stan Gelbaugh,0,Maryland,2.0,2.0,10.9,1986,1996,6,20,12,2100.0,3.35,10,2.6,22,5.6,391,192,49.1,42.9,57.0,377.0,10.53,5.4,6,150,0,0,3,2,207.0,1,11,75.0
Randall Cunningham,8842,UNLV,110.0,137.0,12.3,1985,2001,16,161,135,29979.0,6.55,207,4.8,134,3.1,4289,2429,56.6,42.0,95.0,3537.0,10.14,7.0,2,37,"['4x Pro Bowl', '1x All-Pro']",0,5,5,212.0,82,52,76.0
Frank Reich,8842,Maryland,15.0,17.0,12.0,1985,1998,13,118,20,6075.0,5.64,40,4.3,36,3.9,932,508,54.5,40.6,63.0,503.0,6.8,6.5,3,57,0,0,5,4,210.0,5,15,76.0
Steve Bono,8842,UCLA,32.0,36.0,11.2,1985,1999,14,88,42,10439.0,5.75,62,3.6,42,2.5,1701,934,54.9,39.9,78.0,565.0,4.28,6.1,6,142,['1x Pro Bowl'],1,5,5,215.0,28,14,76.0
Rusty Hilger,0,Oklahoma St.,5.0,5.0,52.8,1985,1991,5,23,14,2584.0,112.3,11,2.4,19,4.1,464,204,44.0,5.6,4.2,4.29,3.05,12.7,6,143,0,0,0,0,205.0,5,9,76.0
John Conner,8842,Kentucky,0.0,0.0,6.0,2010,2014,5,62,20,51.9,1.0,16,4.0,1,0.4,2,108,9.0,12.0,84.0,1.4,48.0,7.0,5,139,0,0,3,39,240.0,27,0,71.0
Doug Flutie,8842,Boston Col.,53.0,60.0,12.5,1985,2005,12,92,66,14715.0,6.22,86,4.0,68,3.2,2151,1177,54.7,43.7,84.0,687.0,4.74,6.8,11,285,['1x Pro Bowl'],0,6,5,180.0,38,28,70.0
Boomer Esiason,8842,Maryland,106.0,137.0,12.8,1984,1997,14,187,173,37920.0,6.64,247,4.7,184,3.5,5205,2969,57.0,43.3,86.0,2438.0,5.76,7.3,2,38,"['4x Pro Bowl', '1x All-Pro']",0,6,5,224.0,80,93,77.0
Jeff Hostetler,8842,Penn St.,56.0,65.0,12.1,1984,1997,12,152,83,16430.0,6.46,94,4.0,71,3.0,2338,1357,58.0,43.2,85.0,1158.0,8.13,7.0,3,59,['1x Pro Bowl'],2,6,5,215.0,51,32,75.0
Jay Schroeder,8842,UCLA,61.0,71.0,14.1,1984,1994,10,118,99,20063.0,6.23,114,4.1,108,3.8,2808,1426,50.8,43.0,85.0,1600.0,6.9,7.1,3,83,['1x Pro Bowl'],1,6,5,215.0,61,38,76.0
Steve Pelluer,8842,Washington,24.0,25.0,71.6,1984,1990,7,65,30,6870.0,105.7,29,3.0,39,4.0,974,548,56.3,7.1,5.85,5.97,4.86,12.5,5,113,0,0,2,4,209.0,9,20,76.0
Randy Wright,0,Wisconsin,14.0,15.0,61.4,1984,1988,5,46,32,7106.0,154.5,31,2.8,57,5.1,1119,602,53.8,6.4,4.61,5.4,3.79,11.8,6,153,0,0,1,2,200.0,7,25,74.0
John Witkowski,0,Columbia,1.0,1.0,58.0,1984,0,2,5,1,210.0,42.0,0,0.0,0,0.0,35,13,37.1,6.0,6.0,2.96,2.96,16.2,6,160,0,0,0,0,200.0,0,1,73.0
Scott Campbell,0,Purdue,8.0,8.0,61.6,1984,1990,6,45,13,2983.0,66.3,19,4.2,25,5.5,454,224,49.3,6.6,4.93,5.35,3.86,13.3,7,191,0,0,2,2,196.0,2,11,72.0
Blair Kiel,0,Notre Dame,4.0,4.0,75.4,1984,1991,6,25,3,1296.0,51.8,8,4.1,7,3.6,193,108,56.0,6.7,5.91,5.67,4.92,12.0,11,281,0,0,0,0,209.0,0,3,72.0
Kyle Mackey,0,Texas A&M-Commerce,3.0,3.0,55.8,1984,1989,2,7,4,729.0,104.1,3,2.2,6,4.5,134,68,50.7,5.4,3.87,4.87,3.38,10.7,11,296,0,0,0,0,220.0,1,3,75.0
John Elway,1987,Stanford,140.0,206.0,12.5,1983,1998,16,234,231,51475.0,6.52,300,4.1,226,3.1,7250,4123,56.9,44.7,86.0,3785.0,6.64,7.1,1,1,['9x Pro Bowl'],2,6,5,215.0,148,82,75.0
Todd Blackledge,0,Penn St.,12.0,13.0,60.2,1983,1989,7,46,29,5286.0,114.9,29,3.3,38,4.3,881,424,48.1,6.0,4.72,4.93,3.75,12.5,1,7,0,0,2,2,225.0,15,14,75.0
Jim Kelly,8842,Miami (FL),103.0,132.0,12.3,1983,1996,11,160,160,35467.0,6.77,237,5.0,175,3.7,4779,2874,60.1,44.4,84.0,2427.0,6.33,7.4,1,14,"['5x Pro Bowl', '1x All-Pro']",0,6,5,217.0,101,59,75.0
Tony Eason,8842,Illinois,36.0,39.0,79.7,1983,1990,8,90,51,11142.0,123.8,61,3.9,51,3.3,1564,911,58.2,7.1,6.44,5.62,5.01,12.2,1,15,0,0,7,8,212.0,28,23,76.0
Ken O'Brien,8842,Sacramento St.,73.0,87.0,80.4,1983,1993,10,129,110,25094.0,194.5,128,3.6,98,2.7,3602,2110,58.6,7.0,6.45,5.67,5.21,11.9,1,24,['2x Pro Bowl'],0,13,16,210.0,50,59,76.0
Dan Marino,1984,Pittsburgh,145.0,216.0,12.4,1983,1999,17,242,240,61361.0,6.99,420,5.0,252,3.0,8358,4967,59.4,45.9,85.0,1930.0,3.13,7.3,1,27,"['9x Pro Bowl', '3x All-Pro']",0,6,6,224.0,147,93,76.0
Babe Laufenberg,0,Stanford,4.0,4.0,45.9,1983,1990,4,16,7,1057.0,66.1,5,2.4,11,5.2,211,93,44.1,5.0,3.14,3.75,2.05,11.4,6,168,0,0,1,1,198.0,2,5,74.0
Gary Kubiak,8842,Texas A&M,7.0,8.0,70.6,1983,1991,9,119,5,1920.0,16.1,14,4.7,16,5.4,298,173,58.1,6.4,4.97,5.12,3.78,11.1,8,197,0,0,3,3,192.0,3,2,72.0
Tom Ramsey,0,UCLA,5.0,5.0,60.6,1983,1989,4,28,5,1285.0,45.9,7,3.3,10,4.7,214,108,50.5,6.0,4.56,4.97,3.65,11.9,10,267,0,0,1,0,189.0,2,3,73.0
Bruce Mathison,0,Nebraska,6.0,6.0,53.0,1983,1987,5,18,9,2177.0,120.9,7,2.3,20,6.5,309,152,49.2,7.0,4.59,5.71,3.46,14.3,10,272,0,0,1,1,205.0,2,7,75.0
Art Schlichter,0,Ohio St.,4.0,4.0,42.6,1982,1985,3,13,6,1006.0,77.4,3,1.5,11,5.4,202,91,45.0,5.0,2.83,3.46,1.57,11.1,1,4,0,0,0,0,210.0,0,6,75.0
Jim McMahon,8842,BYU,57.0,71.0,12.2,1982,1996,15,119,97,18148.0,6.26,100,3.9,90,3.5,2573,1492,58.0,43.1,87.0,1344.0,8.07,7.1,1,5,['1x Pro Bowl'],2,6,5,195.0,67,30,73.0
Oliver Luck,0,West Virginia,6.0,6.0,64.1,1982,1986,4,20,9,2544.0,127.2,13,3.1,21,5.1,413,233,56.4,6.2,4.5,5.12,3.58,10.9,2,44,0,0,1,2,196.0,3,6,74.0
Matt Kofler,0,San Diego St.,4.0,4.0,52.3,1982,1985,4,41,1,1156.0,28.2,7,3.5,11,5.4,202,91,45.0,5.7,3.97,3.84,2.33,12.7,2,48,0,0,0,0,192.0,0,1,75.0
Mike Pagel,8842,Arizona St.,29.0,32.0,63.3,1982,1993,12,132,54,9414.0,71.3,49,3.2,63,4.2,1509,756,50.1,6.2,5.01,5.28,4.14,12.5,4,84,0,0,6,8,206.0,17,36,74.0
Mike Machurek,0,Idaho St.,1.0,1.0,1.0,1982,0,0,4,0,0.0,8.3,0,6.0,14,48.0,32,43,193.0,-1.79,13.8,-2.02,0.0,48.3,6,154,0,0,0,1,205.0,14,0,73.0
Bob Holly,0,Princeton,1.0,1.0,9.0,1982,1985,2,10,0,1.0,72.9,2,2.0,5,44.0,62,40,300.0,5.75,12.0,3.27,0.0,30.0,11,291,0,0,0,1,197.0,25,0,74.0
Rich Campbell,0,California,2.0,2.0,7.0,1981,1984,4,7,0,3.0,38.8,4,9.0,13,43.0,45,68,386.0,0.6,12.5,-0.21,1.0,55.1,1,6,0,0,1,2,224.0,31,0,76.0
Neil Lomax,8842,Portland St.,70.0,82.0,82.7,1981,1988,8,108,101,22771.0,210.8,136,4.3,90,2.9,3153,1817,57.6,7.2,6.8,5.71,5.33,12.5,2,33,['2x Pro Bowl'],0,11,12,215.0,47,51,75.0
Tom Flick,0,Washington,1.0,1.0,25.9,1981,1986,4,21,3,506.0,24.1,2,1.9,10,9.4,106,47,44.3,4.8,0.91,3.67,0.14,10.8,4,90,0,0,0,0,190.0,1,2,74.0
Mark Herrmann,0,Purdue,11.0,12.0,64.3,1981,1992,11,40,12,4015.0,100.4,16,2.9,36,6.4,561,334,59.5,7.2,4.84,5.86,3.73,12.0,4,98,0,0,1,1,200.0,3,9,76.0
Wade Wilson,8842,Texas A&M-Commerce,49.0,58.0,12.4,1981,1998,17,125,69,17283.0,6.04,99,4.1,102,4.2,2428,1391,57.3,39.1,75.0,1508.0,8.2,7.1,8,210,['1x Pro Bowl'],1,5,4,210.0,36,33,75.0
Mike Ford,8251,SE Missouri St.,7.0,0.0,2.0,0,0,7,6,10,6.0,20.0,0,0.0,1,0.0,0,10,10.0,0.0,102.0,,,82.0,0,0,0,0,0,0,195.0,1,0,72.0
Jim Jensen,8842,Boston Univ.,20.0,0.0,0.2,1981,1992,12,164,10,19.0,0.9,31,1.4,13,26.0,2171,229,9.5,0.0,23.0,19.0,4.0,5.5,11,291,0,0,22,0,215.0,0,0,76.0
Bob Gagliano,0,U.S. International,13.0,13.0,62.7,1981,1992,7,32,13,3431.0,107.2,17,3.5,27,5.6,486,249,51.2,7.1,5.26,5.79,4.15,13.8,12,319,0,0,1,2,200.0,7,6,75.0
Joe Adams,0,Arkansas,0.0,0.0,,2012,2012,0,9,0,0.0,0.0,21,11.5,9,208.0,11,0,127.0,31.0,23.1,,,355.0,4,104,0,0,0,0,177.0,9,0,71.0
Marc Wilson,8842,BYU,36.0,41.0,67.7,1980,1990,10,126,60,14391.0,114.2,86,4.1,102,4.9,2081,1085,52.1,6.9,5.54,5.62,4.37,13.3,1,15,[],2,9,12,205.0,32,28,78.0
Mark Malone,8842,Arizona St.,27.0,30.0,61.9,1980,1989,9,73,54,10175.0,139.4,60,3.6,81,4.9,1648,839,50.9,6.2,4.69,5.48,4.07,12.1,1,28,0,0,4,7,223.0,23,30,76.0
Eric Hipple,8842,Utah St.,38.0,41.0,68.7,1980,1989,9,102,57,10711.0,105.0,55,3.6,70,4.5,1546,830,53.7,6.9,5.6,5.58,4.38,12.9,4,85,0,0,4,4,196.0,28,29,74.0
Rusty Lisch,0,Notre Dame,2.0,2.0,25.1,1980,1984,5,30,2,547.0,18.2,1,0.9,11,9.6,115,55,47.8,4.8,0.63,2.93,-0.61,9.9,4,89,0,0,0,0,213.0,0,2,75.0
Ed Luther,8842,San Jose St.,7.0,7.0,63.2,1980,1984,5,61,9,3187.0,52.2,12,2.6,23,5.0,460,245,53.3,6.9,5.2,6.27,4.61,13.0,4,101,0,0,1,3,206.0,2,7,75.0
Paul McDonald,8842,USC,16.0,16.0,65.7,1980,1986,7,85,21,5269.0,62.0,24,3.1,37,4.8,767,411,53.6,6.9,5.32,5.62,4.22,12.8,4,109,0,0,3,5,185.0,8,13,74.0
Gary Hogeboom,8842,Central Michigan,22.0,24.0,71.9,1980,1989,10,79,37,9436.0,119.4,49,3.7,60,4.5,1325,743,56.1,7.1,5.82,5.92,4.73,12.7,5,133,0,0,4,6,205.0,18,19,76.0
Scott Brunner,8842,Delaware,17.0,17.0,56.3,1980,1985,5,73,30,6457.0,88.5,29,2.8,54,5.2,1046,512,48.9,6.2,4.4,5.32,3.66,12.6,6,145,0,0,4,7,206.0,12,18,77.0
David Woodley,8842,LSU,34.0,37.0,65.7,1980,1985,6,58,53,8558.0,147.6,48,3.7,63,4.8,1300,687,52.8,6.6,5.14,5.73,4.37,12.5,8,214,0,0,3,5,210.0,34,18,74.0
Harold Bailey,0,Oklahoma St.,5.0,0.0,27.0,1980,1982,2,20,9,27.0,0.1,1,18.4,1,13.0,14,367,0.0,13.0,13.0,0.0,5.0,0.7,8,217,0,0,0,0,195.0,26,0,74.0
Turk Schonert,8842,Stanford,12.0,13.0,75.6,1980,1989,9,72,12,3788.0,52.6,11,2.2,20,4.0,504,311,61.7,7.5,6.17,5.73,4.53,12.2,9,242,0,0,3,3,191.0,7,5,73.0
Tim Couch,8842,Kentucky,30.0,33.0,10.9,1999,2003,5,62,59,11131.0,5.48,64,3.7,67,3.9,1714,1025,59.8,38.2,79.0,1119.0,8.83,6.5,1,1,0,0,5,4,220.0,22,37,76.0
Donovan McNabb,8842,Syracuse,107.0,138.0,11.8,1999,2011,13,167,161,37276.0,6.83,234,4.4,117,2.2,5374,3170,59.0,43.3,91.0,410.0,2626.0,6.9,1,2,['6x Pro Bowl'],0,7,5,240.0,98,62,74.0
Akili Smith,0,Grossmont College (CA),2.0,2.0,10.3,1999,2002,4,22,17,2212.0,3.75,5,1.1,13,2.8,461,215,46.6,29.4,46.0,327.0,11.35,4.8,1,3,0,0,3,2,220.0,3,14,75.0
Daunte Culpepper,8842,Central Florida,86.0,98.0,12.0,1999,2009,11,105,100,24153.0,6.99,149,4.7,106,3.3,3199,2016,63.0,46.7,82.0,298.0,1696.0,7.6,1,11,['3x Pro Bowl'],0,8,6,260.0,41,59,76.0
Cade McNown,0,UCLA,8.0,8.0,11.1,1999,2000,2,25,15,3111.0,5.0,16,3.1,19,3.7,515,281,54.6,37.1,80.0,263.0,8.04,6.0,1,12,0,0,5,4,208.0,3,12,73.0
Shaun King,0,Tulane,19.0,19.0,11.0,1999,2004,6,34,24,4566.0,5.46,27,3.7,24,3.3,738,415,56.2,40.2,75.0,419.0,7.63,6.2,2,50,[],1,5,4,228.0,14,10,73.0
Brock Huard,0,Washington,2.0,2.0,11.5,1999,2003,3,8,4,689.0,6.35,4,3.7,2,1.9,107,60,56.1,36.1,45.0,80.0,12.3,6.4,3,77,0,0,4,4,232.0,0,4,76.0
Joe Germaine,0,Ohio St.,1.0,1.0,45.3,1999,1999,0,3,0,1.0,15.1,6,2.0,12,6.0,56,16,136.0,63.0,8.5,15.79,5.95,4.13,4,101,[],1,2,0,202.0,9,0,72.0
Aaron Brooks,8842,Virginia,66.0,73.0,12.1,1999,2006,7,93,90,20261.0,6.27,123,4.2,92,3.1,2963,1673,56.5,41.1,76.0,235.0,1454.0,6.8,4,131,0,0,7,5,205.0,38,52,76.0
Michael Bishop,0,Blinn College (TX),0.0,0.0,10.0,1999,2000,0,8,0,1.0,26.7,11,1.0,11,3.0,33,9,80.0,44.0,8.9,0.0,8.89,6.11,7,227,0,0,6,0,215.0,3,0,74.0
Chris Greisen,0,NW Missouri St.,0.0,0.0,13.8,1999,2000,2,5,0,1.0,9.9,6,0.0,0,4.0,43,16,69.0,26.0,4.3,15.79,2.37,5.56,7,239,0,0,3,0,227.0,7,0,75.0
Scott Covington,0,Miami (FL),0.0,0.0,5.0,1999,0,2,4,1,30.0,3.0,0,0.0,0,0.0,10,6,60.0,16.7,8.0,16.0,16.67,3.0,7,245,0,0,1,1,217.0,1,0,74.0
Peyton Manning,2000,Tennessee,176.0,271.0,11.7,1998,2015,17,266,265,71940.0,7.61,539,5.7,251,2.7,9380,6125,65.3,51.4,86.0,303.0,1953.0,7.7,1,1,"['14x Pro Bowl', '7x All-Pro']",2,3,7,230.0,186,79,77.0
Ryan Leaf,0,Washington St.,1.0,1.0,11.6,1998,2001,3,25,21,3666.0,3.55,14,2.1,36,5.5,655,317,48.4,32.9,83.0,377.0,9.03,5.6,1,2,0,0,4,2,245.0,4,17,77.0
Charlie Batch,8842,Eastern Michigan,34.0,38.0,12.2,1998,2012,12,81,55,11085.0,6.21,61,3.8,52,3.2,1604,908,56.6,39.9,98.0,161.0,890.0,6.9,2,60,[],1,9,5,216.0,25,30,74.0
Jonathan Quinn,0,Tulane,4.0,4.0,9.9,1998,2004,5,17,6,1161.0,4.15,4,1.8,7,3.1,223,117,52.5,32.4,64.0,201.0,11.86,5.2,3,86,0,0,3,2,243.0,1,5,78.0
Brian Griese,8842,Michigan,54.0,62.0,11.1,1998,2008,11,93,83,19440.0,6.21,119,4.3,99,3.5,2796,1752,62.7,46.4,88.0,193.0,1326.0,7.0,3,91,['1x Pro Bowl'],1,6,6,214.0,45,38,75.0
John Dutton,8842,Nebraska,72.0,0.0,,1974,1987,14,185,160,0.0,,10,10.0,0,73.0,1,38,38.0,94.0,,,,,1,5,"['3x Pro Bowl', '1x All-Pro']",0,0,0,266.0,1,0,78.0
Matt Hasselbeck,8842,Boston Col.,87.0,110.0,11.4,1998,2015,17,209,160,36638.0,6.38,212,4.0,153,2.9,5330,3222,60.5,45.3,87.0,360.0,2260.0,6.9,6,187,['3x Pro Bowl'],0,6,6,235.0,85,75,76.0
Moses Moreno,0,Colorado St.,1.0,1.0,9.5,1998,2000,3,9,3,485.0,4.03,1,1.0,2,1.9,103,51,49.5,31.6,45.0,70.0,9.65,4.7,7,232,0,0,3,3,205.0,0,3,73.0
Jim Druckenmiller,0,Virginia Tech,1.0,1.0,11.4,1997,1998,2,6,1,239.0,1.52,1,1.9,4,7.7,52,21,40.4,23.2,33.0,32.0,7.14,4.6,1,26,0,0,3,0,241.0,1,0,76.0
Jake Plummer,8842,Arizona St.,77.0,92.0,11.8,1997,2006,10,143,136,29253.0,5.8,161,3.7,161,3.7,4350,2484,57.1,42.6,85.0,284.0,1735.0,6.7,2,42,['1x Pro Bowl'],0,6,5,212.0,69,67,74.0
Danny Wuerffel,0,Florida,6.0,6.0,11.5,1997,2002,6,25,10,2123.0,3.92,12,3.4,22,6.3,350,184,52.6,33.7,64.0,362.0,14.0,6.1,4,99,0,0,4,2,212.0,4,6,73.0
Mike Cherry,0,Arkansas,0.0,0.0,0.0,1997,1998,2,2,0,0.0,0.0,-1,-1.3,-2,2.0,0,-5,0.0,0.0,0.0,-5.0,0.0,0.0,6,171,0,0,0,0,226.0,4,0,75.0
Tony Graziani,0,Oregon,3.0,3.0,11.8,1997,1999,3,18,5,999.0,3.9,2,1.1,8,4.6,174,85,48.9,34.4,62.0,100.0,7.94,5.7,7,204,0,0,4,3,210.0,2,3,74.0
Koy Detmer,8842,Colorado,4.0,4.0,10.6,1997,2006,9,103,8,1944.0,4.28,10,2.8,14,4.0,354,184,52.0,33.1,61.0,77.0,3.28,5.5,7,207,0,0,5,3,195.0,3,5,73.0
Wally Richardson,0,Penn St.,0.0,0.0,56.2,1997,0,0,1,0,0.0,1.0,0,0.0,0,0.0,50,2,1.0,0.5,0.5,0.5,0.5,1.0,7,234,0,0,0,0,225.0,1,0,76.0
Tony Banks,8842,Michigan St.,43.0,49.0,12.0,1996,2005,9,96,78,15315.0,5.76,77,3.3,73,3.1,2356,1278,54.2,38.9,85.0,1432.0,8.79,6.5,2,42,[],1,5,4,230.0,35,43,76.0
Bobby Hoying,0,Ohio St.,3.0,2.0,10.4,1996,2000,5,22,13,2544.0,4.58,11,2.4,15,3.3,456,244,53.5,34.2,72.0,378.0,12.31,5.6,3,85,0,0,4,3,221.0,3,9,75.0
Jeff Lewis,0,Northern Arizona,2.0,2.0,17.5,1996,0,4,12,0,0.0,7.5,0,2.0,3,10.0,51,54,210.0,21.0,3.9,15.63,2.17,2.22,4,100,[],0,0,0,211.0,28,0,74.0
Danny Kanell,0,Florida St.,14.0,15.0,10.4,1996,2003,6,43,24,5129.0,4.41,31,3.2,34,3.6,956,491,51.4,33.1,68.0,512.0,6.18,5.4,4,130,0,0,4,3,218.0,10,13,75.0
Steve McNair,8842,Alcorn St.,99.0,125.0,11.5,1995,2007,13,161,153,31304.0,6.48,174,3.8,119,2.6,4544,2733,60.1,45.2,87.0,254.0,1567.0,6.9,1,3,['3x Pro Bowl'],0,5,6,230.0,91,62,74.0
Kerry Collins,8842,Penn St.,83.0,112.0,11.7,1995,2011,17,198,180,40922.0,5.79,208,3.3,196,3.1,6261,3487,55.7,42.7,89.0,337.0,2230.0,6.5,1,5,['2x Pro Bowl'],0,5,5,247.0,81,99,77.0
Todd Collins,0,Michigan,11.0,11.0,11.6,1995,2010,11,49,21,4547.0,5.57,22,3.1,24,3.4,701,391,55.8,36.8,95.0,67.0,447.0,6.5,2,45,0,0,8,5,223.0,11,10,76.0
Kordell Stewart,8842,Colorado,60.0,69.0,11.2,1995,2005,11,125,87,14746.0,5.3,77,3.3,84,3.6,2358,1316,55.8,40.2,90.0,1048.0,6.72,6.3,2,60,['1x Pro Bowl'],0,5,4,218.0,50,34,73.0
Stoney Case,0,New Mexico,4.0,4.0,11.2,1995,2000,4,20,6,1826.0,3.87,4,1.3,15,4.7,318,163,51.3,34.2,54.0,280.0,10.92,5.7,3,80,0,0,4,2,204.0,3,3,75.0
Eric Zeier,0,Georgia,5.0,5.0,11.7,1995,2000,6,28,12,3520.0,5.89,16,3.0,15,2.8,537,301,56.1,35.6,92.0,389.0,9.9,6.6,3,84,0,0,5,4,214.0,4,8,73.0
Rob Johnson,0,USC,21.0,23.0,11.7,1995,2003,9,48,29,5795.0,6.65,30,3.7,23,2.9,806,494,61.3,40.6,74.0,817.0,14.8,7.2,4,99,[],1,5,4,204.0,12,17,76.0
Steve Stenstrom,0,Stanford,6.0,6.0,10.7,1995,1999,4,17,10,1895.0,4.57,4,1.3,12,3.8,314,177,56.4,38.2,48.0,227.0,9.25,6.0,4,134,0,0,4,3,206.0,1,9,74.0
Craig Whelihan,0,Oregon St.,1.0,1.0,11.8,1995,1998,2,19,14,3160.0,3.83,14,2.5,29,5.2,557,267,47.9,33.7,61.0,279.0,6.07,5.7,6,197,0,0,4,3,220.0,2,12,77.0
Heath Shuler,0,Tennessee,6.0,6.0,12.6,1994,1997,4,29,22,3691.0,4.23,15,2.5,33,5.6,593,292,49.2,34.0,89.0,291.0,7.2,6.2,1,3,0,0,5,3,216.0,8,14,74.0
Trent Dilfer,8842,Fresno St.,51.0,60.0,11.7,1994,2007,13,130,113,20518.0,5.35,113,3.6,129,4.1,3172,1759,55.5,40.6,83.0,263.0,1730.0,6.5,1,6,['1x Pro Bowl'],1,7,5,225.0,58,55,76.0
Doug Nussmeier,0,Idaho,2.0,2.0,9.9,1994,1997,2,5,2,455.0,3.6,1,1.2,4,4.9,82,46,56.1,34.1,57.0,49.0,9.89,5.5,4,116,0,0,4,2,211.0,0,2,75.0
Jim Miller,0,Michigan St.,16.0,17.0,10.5,1994,2002,6,37,27,6387.0,5.46,36,3.4,31,3.0,1046,610,58.3,41.6,77.0,238.0,3.68,6.1,6,178,0,0,5,5,226.0,15,12,74.0
Gus Frerotte,8842,Tulsa,57.0,66.0,12.5,1994,2008,15,147,93,21291.0,6.05,114,3.7,106,3.4,3106,1699,54.7,41.0,99.0,207.0,1328.0,6.9,7,197,['1x Pro Bowl'],0,6,6,237.0,45,47,75.0
Steve Matthews,0,Tennessee,1.0,1.0,10.7,1994,0,2,3,1,299.0,6.95,0,0.0,0,0.0,43,28,65.1,47.7,43.0,0.0,2.27,7.0,7,199,0,0,6,6,222.0,1,0,75.0
Glenn Foley,0,Boston Col.,8.0,8.0,11.9,1994,1999,6,21,9,2469.0,5.21,12,3.1,16,4.2,382,207,54.2,38.6,49.0,193.0,6.6,6.5,7,208,0,0,5,4,210.0,2,7,74.0
Drew Bledsoe,8842,Washington St.,105.0,139.0,11.6,1993,2006,14,194,193,44611.0,6.01,251,3.7,206,3.1,6717,3839,57.2,43.0,86.0,467.0,3135.0,6.6,1,1,['4x Pro Bowl'],1,6,5,238.0,98,95,77.0
Rick Mirer,8842,Notre Dame,33.0,36.0,11.0,1993,2003,8,80,68,11969.0,4.67,50,2.4,76,3.7,2043,1088,53.3,36.3,60.0,1038.0,8.88,5.9,1,2,[],0,4,3,210.0,24,44,75.0
Mark Brunell,8842,Washington,96.0,120.0,11.6,1993,2011,17,193,151,32072.0,6.66,184,4.0,108,2.3,4640,2761,59.5,43.7,79.0,390.0,2395.0,6.9,5,118,['3x Pro Bowl'],1,7,5,215.0,78,73,73.0
Alex Van Pelt,0,Pittsburgh,7.0,7.0,11.4,1993,2003,9,31,11,2985.0,4.66,16,3.4,24,5.0,477,262,54.9,38.7,80.0,113.0,3.83,6.3,8,216,0,0,5,4,220.0,3,8,73.0
Elvis Grbac,8842,Michigan,48.0,53.0,11.6,1993,2001,8,105,70,16774.0,6.18,99,4.0,81,3.3,2445,1446,59.1,43.4,86.0,907.0,5.01,6.9,8,219,['1x Pro Bowl'],1,6,5,232.0,40,30,77.0
Trent Green,8842,Indiana,94.0,110.0,12.6,1993,2008,11,120,113,28475.0,7.11,162,4.3,114,3.0,3740,2266,60.6,45.8,99.0,259.0,1621.0,7.6,8,222,['2x Pro Bowl'],0,6,6,217.0,56,57,75.0
David Klingler,0,Houston,11.0,11.0,10.3,1992,1997,6,33,24,3994.0,4.63,16,2.2,22,3.1,718,389,54.2,36.6,83.0,539.0,10.81,5.6,1,6,0,0,4,3,210.0,4,20,75.0
Tommy Maddox,8842,UCLA,24.0,25.0,11.8,1992,2005,9,92,36,8087.0,5.51,48,4.0,54,4.5,1200,686,57.2,42.8,72.0,541.0,7.26,6.7,1,25,[],1,5,4,220.0,15,20,76.0
Matt Blundin,0,Virginia,0.0,0.0,5.0,1992,0,3,3,0,0.0,7.5,0,2.0,22,1.0,22,9,15.0,13.0,1.7,0.0,1.67,-8.33,2,40,0,0,-8,0,233.0,2,0,78.0
Tony Sacca,0,Penn St.,0.0,0.0,0.0,1992,0,0,2,0,0.0,5.3,0,2.0,18,16.0,36,11,29.0,-5.55,7.3,-5.55,0.0,14.5,2,46,0,0,0,0,230.0,4,0,77.0
Craig Erickson,8842,Miami (FL),21.0,22.0,12.9,1992,1997,6,52,36,7625.0,6.17,41,3.8,38,3.5,1092,591,54.1,41.0,71.0,535.0,6.98,7.0,4,86,0,0,6,5,209.0,14,21,74.0
Casey Weldon,0,Florida St.,1.0,1.0,27.4,1992,1999,5,26,0,1.0,11.9,0,4.0,3,30.0,50,120,713.0,42.0,5.9,9.09,4.83,4.61,4,102,0,0,3,1,206.0,60,0,73.0
Will Furrer,0,Virginia Tech,1.0,1.0,10.0,1992,1995,2,9,2,572.0,1.31,2,1.6,10,8.1,124,57,46.0,34.6,48.0,74.0,6.77,4.6,4,107,0,0,3,0,210.0,0,2,75.0
Jeff Blake,8842,East Carolina,69.0,81.0,11.9,1992,2005,13,119,100,21711.0,6.15,134,4.1,99,3.1,3241,1827,56.4,41.7,88.0,1550.0,7.11,6.7,6,166,['1x Pro Bowl'],0,5,5,223.0,39,61,73.0
Ricky Jones,0,Indiana,,0.0,,0,0,0,0,0,,,0,,0,,0,0,,,,,,,0,0,0,0,0,0,185.0,0,0,70.0
Kent Graham,8842,Notre Dame,21.0,23.0,11.2,1992,2001,9,81,38,7801.0,5.3,39,2.9,33,2.5,1339,694,51.8,38.6,87.0,679.0,6.95,5.8,8,211,0,0,4,4,231.0,17,21,77.0
Bucky Richardson,0,Texas A&M,3.0,3.0,13.0,1992,1994,3,16,4,1257.0,5.98,6,3.2,6,3.2,185,97,52.4,38.2,76.0,151.0,11.9,6.8,8,220,0,0,5,4,228.0,1,3,73.0
Brad Johnson,8842,Florida St.,76.0,93.0,10.9,1992,2008,15,177,125,29054.0,6.21,166,3.8,122,2.8,4326,2668,61.7,43.8,82.0,251.0,1616.0,6.7,9,227,['2x Pro Bowl'],1,5,5,235.0,72,53,77.0
T.J. Rubley,0,Tulsa,5.0,5.0,137.7,1992,1995,2,10,7,1377.0,12.3,8,4.1,7,3.6,195,112,57.4,54.0,7.1,6.25,6.11,6.27,9,228,0,0,5,1,212.0,2,5,75.0
Ty Detmer,8842,BYU,16.0,16.0,11.6,1992,2003,8,54,25,6351.0,5.77,34,3.6,35,3.7,946,546,57.7,43.4,57.0,386.0,6.61,6.7,9,230,0,0,5,5,189.0,11,14,72.0
Dan McGwire,0,Iowa,2.0,2.0,10.1,1991,1995,5,13,5,745.0,3.48,2,1.4,6,4.1,148,74,50.0,30.8,36.0,161.0,12.43,5.0,1,16,0,0,3,2,240.0,2,3,80.0
Todd Marinovich,0,USC,3.0,3.0,66.4,1991,1992,2,8,8,1345.0,168.1,8,3.9,9,4.4,205,104,50.7,6.6,5.37,5.29,4.2,12.9,1,24,0,0,0,1,215.0,3,5,76.0
Brett Favre,1990,Southern Miss,158.0,259.0,11.4,1991,2010,20,302,298,71838.0,6.58,508,5.0,336,3.3,10169,6300,62.0,47.0,99.0,525.0,3487.0,7.1,2,33,"['11x Pro Bowl', '3x All-Pro']",1,4,6,222.0,186,112,74.0
Browning Nagle,0,West Virginia,5.0,5.0,11.7,1991,1996,5,24,14,2489.0,4.0,8,1.8,20,4.6,437,213,48.7,30.0,51.0,274.0,7.61,5.7,2,34,0,0,4,3,225.0,4,10,75.0
Scott Zolak,8842,Maryland,4.0,4.0,10.6,1991,1999,8,55,7,1314.0,4.67,8,3.2,7,2.8,248,124,50.0,32.5,72.0,214.0,9.16,5.3,4,84,0,0,4,3,230.0,3,4,77.0
Donald Hollas,0,Rice,5.0,5.0,11.9,1991,1998,4,32,8,2399.0,4.57,13,3.5,21,5.6,375,202,53.9,38.8,47.0,329.0,12.18,6.4,4,99,0,0,4,3,215.0,4,4,75.0
Craig Erickson,8842,Miami (FL),21.0,22.0,12.9,1992,1997,6,52,36,7625.0,6.17,41,3.8,38,3.5,1092,591,54.1,41.0,71.0,535.0,6.98,7.0,4,86,0,0,6,5,209.0,14,21,74.0
Paul Justin,0,Arizona St.,8.0,8.0,11.9,1991,1999,5,34,10,2614.0,6.12,8,2.1,10,2.6,380,220,57.9,42.2,44.0,229.0,6.86,6.9,7,190,[],1,5,5,211.0,3,7,76.0
Shawn Moore,0,Virginia,1.0,1.0,6.0,1991,0,0,3,0,0.0,35.4,0,3.0,8,40.0,50,34,232.0,2.85,13.6,1.18,0.0,77.3,11,284,0,0,0,1,213.0,17,0,74.0
Jeff George,8842,Purdue,66.0,79.0,12.0,1990,2001,12,131,124,27602.0,6.45,154,3.9,113,2.8,3967,2298,57.9,43.8,85.0,2691.0,8.28,7.0,1,1,0,0,5,5,218.0,46,78,76.0
Andre Ware,0,Houston,5.0,5.0,63.5,1990,1993,4,14,6,1112.0,79.4,5,3.1,8,5.0,161,83,51.6,6.9,5.29,5.14,3.76,13.4,1,7,0,0,0,0,205.0,3,3,74.0
Neil O'Donnell,8842,Maryland,60.0,73.0,11.6,1990,2003,13,125,100,21690.0,6.51,120,3.7,68,2.1,3229,1865,57.8,40.9,89.0,1906.0,7.43,6.7,3,70,['1x Pro Bowl'],0,5,5,228.0,55,45,75.0
Troy Taylor,0,California,0.0,0.0,2.0,1990,1991,2,7,0,2.0,90.6,10,1.0,5,51.0,60,20,125.0,6.0,10.4,5.32,0.0,17.9,4,84,0,0,0,0,200.0,12,0,76.0
Cary Conklin,0,Washington,1.0,1.0,10.8,1990,1995,3,7,2,560.0,5.2,5,5.0,3,3.0,101,52,51.5,14.3,34.0,65.0,9.01,5.5,4,86,0,0,4,4,220.0,0,2,76.0
Scott Mitchell,8842,Utah,49.0,53.0,12.1,1990,2001,11,99,71,15692.0,5.95,95,4.0,81,3.5,2346,1301,55.5,42.4,91.0,882.0,6.2,6.7,4,93,0,0,5,5,240.0,32,39,78.0
John Friesz,8842,Idaho,26.0,28.0,11.7,1990,2000,10,69,38,8699.0,5.65,45,3.3,42,3.1,1364,745,54.6,41.9,81.0,487.0,5.15,6.4,6,138,0,0,5,5,214.0,13,25,76.0
Mike Buck,0,Maine,2.0,2.0,14.4,1990,1995,4,12,1,790.0,7.72,5,5.4,4,4.3,92,55,59.8,47.1,63.0,27.0,5.15,8.6,6,156,0,0,7,7,227.0,0,1,75.0
Matthew Stafford,8251,Georgia,121.0,,11.6,2009,0,16,5,211,57285.0,7.19,360,4.6,183,2.3,7824,4952,63.3,47.3,87.0,490.0,3257.0,7.3,1,1,['2x Pro Bowl'],1,5,6,214.0,99,111,75.0
Mark Sanchez,8842,USC,32.0,35.0,11.7,2009,2018,8,79,73,15357.0,5.63,86,3.7,89,3.8,2320,1314,56.6,41.6,74.0,168.0,1090.0,6.6,1,5,0,0,6,5,232.0,37,36,74.0
Josh Freeman,8842,Kansas St.,37.0,40.0,11.8,2009,2015,6,62,61,13873.0,6.07,81,4.0,68,3.3,2048,1179,57.6,42.3,95.0,112.0,690.0,6.8,1,17,0,0,5,6,240.0,25,36,78.0
Pat White,0,West Virginia,1.0,0.0,0.0,2009,2009,0,13,0,28.6,0.0,33,3.9,6,1.6,0,81,4.0,0.0,0.0,81.0,0.0,0.0,2,44,0,0,1,1,190.0,21,0,72.0
Stephen McGee,0,Texas A&M,2.0,2.0,9.1,2009,2011,2,3,1,420.0,5.85,3,3.7,0,0.0,82,46,56.1,31.8,37.0,6.0,50.0,5.1,4,101,0,0,6,4,223.0,1,0,74.0
Rhett Bomar,0,,,0.0,,2009,0,0,0,0,,,0,,0,,0,0,,,,,,,5,151,0,0,0,0,225.0,0,0,74.0
Nate Davis,0,,,0.0,,2009,0,0,0,0,,,0,,0,,0,0,,,,,,,5,171,0,0,0,0,226.0,0,0,74.0
Tom Brandstater,0,Fresno St.,0.0,0.0,0.0,2009,0,0,1,0,0.0,,0,0.0,0,0.0,0,2,0.0,0.0,0.0,0.0,0.0,39.6,6,174,0,0,0,0,215.0,0,0,77.0
Mike Teel,0,,,0.0,,2009,0,0,0,0,,,0,,0,,0,0,,,,,,,6,178,0,0,0,0,220.0,0,0,76.0
Keith Null,0,West Texas A&M,1.0,1.0,7.8,2009,2009,0,4,4,566.0,1.86,3,2.5,9,7.6,119,73,61.3,39.4,25.0,13.0,82.0,4.8,6,196,0,0,9,3,222.0,0,4,76.0
Curtis Painter,0,Purdue,2.0,2.0,11.4,2009,2013,3,14,8,1681.0,4.24,6,2.1,13,4.5,287,148,51.6,35.2,87.0,20.0,126.0,5.9,6,201,0,0,6,5,230.0,0,8,76.0
Matt Ryan,8842,Boston Col.,146.0,210.0,11.3,2008,2022,15,234,234,62792.0,7.35,381,4.5,183,2.2,8464,5551,65.6,48.3,93.0,488.0,3264.0,7.4,1,3,"['4x Pro Bowl', '1x All-Pro']",0,5,6,217.0,124,109,76.0
Joe Flacco,8251,Pittsburgh,95.0,,11.0,2008,0,17,3,187,44652.0,6.45,252,3.8,156,2.4,6611,4075,61.6,43.2,95.0,392.0,2808.0,6.8,1,18,[],1,5,5,230.0,104,83,78.0
Brian Brohm,0,Louisville,0.0,0.0,9.3,2008,0,2,3,2,252.0,0.52,0,0.0,5,9.6,52,27,51.9,36.8,33.0,5.0,13.0,4.8,2,56,0,0,8,4,227.0,0,2,75.0
Chad Henne,8842,Michigan,26.0,29.0,11.1,2008,2022,13,78,54,13290.0,5.78,60,3.0,63,3.1,2015,1200,59.6,42.8,81.0,151.0,942.0,6.6,2,57,[],1,6,5,215.0,18,36,75.0
Kevin O'Connell,0,San Diego St.,0.0,0.0,11.5,2008,0,0,2,0,0.0,5.8,0,0.0,0,1.0,66,6,23.0,12.0,3.8,2.0,14.29,3.83,3,94,0,0,3,3,225.0,4,0,77.0
Dennis Dixon,0,Oregon,2.0,2.0,11.5,2008,2010,3,4,3,402.0,5.63,1,1.7,2,3.4,59,35,59.3,37.5,52.0,5.0,41.0,6.8,5,156,[],1,7,5,195.0,2,1,75.0
Erik Ainge,0,Tennessee,,0.0,,2008,0,0,0,0,,,0,,0,,0,0,,,,,,,5,162,0,0,0,0,225.0,0,0,77.0
Colt Brennan,0,Hawaii,,0.0,,2008,0,0,0,0,,,0,,0,,0,0,,,,,,,6,186,0,0,0,0,207.0,0,0,74.0
Matt Flynn,8842,LSU,8.0,8.0,11.6,2008,2014,7,51,7,2541.0,6.68,17,4.8,11,3.1,357,219,61.3,43.7,80.0,39.0,209.0,7.1,7,209,[],1,9,5,228.0,3,4,74.0
Alex Brink,0,Washington St.,,0.0,,2008,0,0,0,0,,,0,,0,,0,0,,,,,,,7,223,0,0,0,0,211.0,0,0,74.0
JaMarcus Russell,0,LSU,6.0,6.0,11.5,2007,2009,3,31,25,4083.0,5.01,18,2.6,23,3.4,680,354,52.1,34.3,86.0,70.0,457.0,6.0,1,1,0,0,9,4,265.0,7,18,78.0
Brady Quinn,0,Notre Dame,2.0,2.0,10.3,2007,2012,4,24,20,3043.0,4.58,12,2.2,17,3.1,550,296,53.8,35.0,59.0,41.0,236.0,5.5,1,22,0,0,6,4,232.0,4,16,76.0
Kevin Kolb,0,Houston,12.0,13.0,11.6,2007,2012,6,34,21,5206.0,6.15,28,3.7,25,3.3,755,449,59.5,41.3,83.0,77.0,517.0,6.9,2,36,0,0,9,5,218.0,9,12,75.0
John Beck,0,BYU,4.0,4.0,10.1,2007,2011,2,9,7,1417.0,4.86,3,1.3,7,2.9,239,140,58.6,41.9,32.0,26.0,153.0,5.9,2,40,0,0,9,4,215.0,0,7,74.0
Drew Stanton,0,Michigan St.,10.0,10.0,11.8,2007,2017,7,38,17,4059.0,5.13,20,3.0,24,3.6,659,345,52.4,38.0,87.0,38.0,226.0,6.2,2,43,0,0,5,5,226.0,11,6,75.0
Trent Edwards,0,Stanford,16.0,17.0,10.7,2007,2012,5,38,33,6033.0,5.6,26,2.8,30,3.2,929,563,60.6,41.9,70.0,69.0,482.0,6.5,3,92,0,0,6,5,231.0,14,19,76.0
Isaiah Stanback,0,Washington,0.0,0.0,0.0,2007,2012,4,22,2,0.0,0.0,1,27.3,15,0.3,52,6,8.7,54.5,4.7,6.0,8.7,0.0,4,103,0,0,52,0,216.0,11,0,75.0
Jeff Rowe,0,Nevada,,0.0,,2007,0,0,0,0,,,0,,0,,0,0,,,,,,,5,151,0,0,0,0,,0,0,74.5908396946565
Troy Smith,0,East Carolina,0.0,0.0,0.0,1999,1999,0,1,0,0.0,0.0,1,100.0,14,1.0,14,1,14.0,100.0,14.0,1.0,14.0,0.0,6,201,0,0,14,0,193.0,1,0,74.0
Tyler Thigpen,0,Coastal Carolina,10.0,10.0,11.7,2007,2012,6,29,12,3222.0,5.56,21,4.1,18,3.5,509,275,54.0,41.2,75.0,35.0,221.0,6.3,7,217,0,0,6,5,235.0,1,11,75.0
Vince Young,8842,Texas,33.0,36.0,11.9,2006,2011,6,60,50,8964.0,5.82,46,3.5,51,3.9,1304,755,57.9,41.8,73.0,83.0,449.0,6.9,1,3,['2x Pro Bowl'],0,5,6,232.0,31,19,77.0
Matt Leinart,0,USC,12.0,12.0,11.1,2006,2012,6,33,18,4065.0,5.34,15,2.3,21,3.3,641,366,57.1,41.9,78.0,30.0,221.0,6.3,1,10,0,0,4,5,225.0,8,10,77.0
Jay Cutler,8842,Vanderbilt,86.0,109.0,11.5,2006,2017,12,153,153,35133.0,6.6,227,4.6,160,3.3,4920,3048,62.0,45.0,93.0,322.0,2035.0,7.1,1,11,['1x Pro Bowl'],0,6,6,231.0,74,79,75.0
Kellen Clemens,8842,Oregon,10.0,10.0,11.6,2006,2017,12,64,21,4053.0,5.37,16,2.5,21,3.3,638,350,54.9,38.9,81.0,66.0,401.0,6.4,2,49,0,0,9,5,220.0,8,13,74.0
Tarvaris Jackson,8842,Arkansas,22.0,24.0,11.3,2006,2015,9,59,34,7263.0,6.03,39,3.6,35,3.3,1073,640,59.6,41.8,71.0,90.0,546.0,6.8,2,64,[],1,7,5,225.0,17,17,74.0
Charlie Whitehurst,0,Clemson,7.0,7.0,11.2,2006,2016,7,25,9,2463.0,5.87,11,2.8,8,2.0,396,219,55.3,36.6,75.0,38.0,204.0,6.2,3,81,0,0,8,5,226.0,2,7,76.0
Brodie Croyle,0,Alabama,2.0,2.0,9.2,2006,2010,5,18,10,1669.0,4.46,8,2.5,9,2.8,319,181,56.7,38.8,50.0,26.0,168.0,5.2,3,85,0,0,7,4,206.0,0,10,74.0
Ingle Martin,0,Florida,0.0,0.0,0.0,2006,2006,0,1,0,0.0,0.0,-2,-2.5,-5,2.0,0,-5,0.0,0.0,0.0,-5.0,0.0,0.0,5,148,0,0,0,0,220.0,2,0,74.0
Reggie McNeal,0,Texas A&M,0.0,0.0,0.0,2006,2006,0,7,0,100.0,0.0,8,8.0,1,0.1,0,8,1.0,0.0,0.0,8.0,0.0,0.0,6,193,0,0,0,0,205.0,1,0,74.0
Bruce Gradkowski,0,Toledo,8.0,8.0,10.8,2006,2014,8,37,20,4057.0,4.79,21,3.0,24,3.4,709,375,52.9,36.2,75.0,53.0,333.0,5.7,6,194,0,0,6,4,217.0,6,14,73.0
Alex Smith,8842,Stanford,11.0,0.0,0.0,2005,2015,11,124,57,13.0,0.0,84,44.9,34,1.3,1473,163,9.0,61.5,5.6,163.0,9.0,0.0,3,71,0,0,1473,13,250.0,265,0,76.0
Aaron Rodgers,2010,Butte JC (CA),163.0,,11.8,2005,0,20,6,230,60442.0,8.27,484,6.1,110,1.4,7878,5135,65.2,48.3,93.0,547.0,3726.0,7.7,1,24,"['10x Pro Bowl', '4x All-Pro']",1,6,6,223.0,150,79,74.0
Jason Campbell,8842,Auburn,48.0,54.0,11.0,2005,2014,9,90,79,16771.0,6.28,87,3.5,60,2.4,2518,1519,60.3,43.3,84.0,170.0,1096.0,6.7,1,25,0,0,6,5,235.0,32,47,77.0
Charlie Frye,0,Akron,8.0,8.0,9.9,2005,2009,5,26,23,4154.0,4.71,17,2.5,29,4.3,677,419,61.9,41.0,75.0,79.0,487.0,6.1,3,67,0,0,10,4,220.0,7,16,76.0
Andrew Walter,0,Arizona St.,1.0,1.0,11.0,2005,2008,3,15,9,1919.0,3.78,3,0.9,16,4.8,333,174,52.3,35.9,51.0,51.0,295.0,5.8,3,69,0,0,13,4,230.0,2,7,78.0
Kyle Orton,8842,Purdue,40.0,44.0,11.2,2005,2014,9,87,82,18037.0,6.25,101,3.7,69,2.5,2712,1613,59.5,43.0,87.0,165.0,1016.0,6.7,4,106,0,0,5,5,228.0,42,40,76.0
Dan Orlovsky,0,Connecticut,7.0,7.0,10.5,2005,2015,7,26,12,3132.0,5.56,15,2.9,13,2.5,512,298,58.2,43.3,96.0,29.0,182.0,6.1,5,145,0,0,5,5,215.0,2,10,77.0
Derek Anderson,8842,Oregon St.,23.0,22.0,12.0,2005,2018,13,78,49,10878.0,5.49,60,3.6,64,3.8,1674,909,54.3,42.3,78.0,81.0,563.0,6.5,6,213,['1x Pro Bowl'],0,4,5,235.0,20,29,78.0
Matt Cassel,8842,USC,47.0,51.0,11.1,2005,2018,14,107,81,17508.0,5.93,104,3.9,82,3.1,2683,1578,58.8,41.5,79.0,210.0,1157.0,6.5,7,230,['1x Pro Bowl'],0,7,5,225.0,36,45,76.0
Ryan Fitzpatrick,8842,Harvard,78.0,101.0,11.4,2005,2021,17,166,147,34990.0,6.29,223,4.4,169,3.3,5060,3072,60.7,43.9,98.0,300.0,1576.0,6.9,7,250,0,0,5,6,221.0,59,87,74.0
Eli Manning,2025,Mississippi,121.0,169.0,11.6,2004,2019,16,236,234,57023.0,6.57,366,4.5,244,3.0,8119,4895,60.3,45.2,99.0,411.0,2870.0,7.0,1,1,['4x Pro Bowl'],2,4,6,220.0,117,117,77.0
Philip Rivers,8842,North Carolina St.,149.0,218.0,12.0,2004,2020,17,244,240,63440.0,7.68,421,5.2,209,2.6,8134,5277,64.9,49.0,84.0,464.0,2832.0,7.8,1,4,['8x Pro Bowl'],0,5,7,228.0,134,106,77.0
Ben Roethlisberger,8842,Miami (OH),131.0,208.0,11.8,2004,2021,18,249,247,64088.0,7.46,418,5.0,211,2.5,8443,5440,64.4,48.2,97.0,554.0,3677.0,7.6,1,11,['6x Pro Bowl'],2,6,6,240.0,165,81,77.0
Matt Schaub,8842,Virginia,68.0,79.0,11.9,2004,2020,16,155,93,25467.0,7.2,136,4.1,91,2.7,3348,2148,64.2,48.1,80.0,180.0,1245.0,7.6,3,90,['2x Pro Bowl'],0,5,6,245.0,47,46,78.0
Luke McCown,8842,Louisiana Tech,8.0,8.0,11.0,2004,2015,10,62,10,2370.0,5.27,9,2.5,15,4.2,356,216,60.7,39.0,60.0,34.0,271.0,6.7,4,106,0,0,8,5,217.0,2,8,76.0
Craig Krenzel,0,Ohio St.,1.0,1.0,12.2,2004,2004,0,6,5,718.0,4.0,3,2.4,6,4.7,127,59,46.5,25.3,49.0,158.0,15.33,5.7,5,148,0,0,3,2,225.0,3,2,76.0
Andy Hall,0,Georgia Tech,,0.0,,2004,0,0,0,0,,,0,,0,,0,0,,,,,,,6,185,0,0,0,0,218.0,0,0,75.0
Josh Harris,0,Auburn,8.0,0.0,0.0,0,0,13,5,0,0.0,15.0,0,1.0,0,-6.0,0,0,0.0,0.0,35.0,,,20.0,0,0,['1x Pro Bowl'],0,0,0,224.0,0,0,73.0
Jim Sorgi,0,Wisconsin,5.0,5.0,58.1,2004,2009,6,16,0,6.0,9.4,3,1.0,0,43.0,63,156,929.0,71.0,6.0,37.0,3.7,6.44,6,193,[],1,5,5,196.0,99,0,77.0
John Navarre,0,Michigan,0.0,0.0,10.7,2004,2005,2,2,1,342.0,2.45,2,3.1,5,7.8,64,32,50.0,33.3,43.0,35.0,7.25,5.3,7,202,0,0,4,1,250.0,0,1,78.0
Cody Pickett,0,Washington,1.0,1.0,10.8,2004,0,2,6,2,195.0,0.33,0,0.0,4,8.9,45,18,40.0,18.0,28.0,30.0,10.0,4.3,7,217,0,0,3,0,227.0,0,2,75.0
Matt Mauck,0,LSU,1.0,1.0,9.1,2004,0,0,2,1,136.0,3.37,0,0.0,1,3.7,27,15,55.6,35.7,17.0,8.0,3.57,5.0,7,225,0,0,4,2,213.0,0,1,73.0
Bradlee Van Pelt,0,Colorado St.,0.0,0.0,0.0,2004,2005,0,3,0,54.5,0.0,11,4.4,16,3.7,1,48,5.0,0.0,0.0,48.0,1.0,0.0,7,250,0,0,0,0,225.0,11,0,74.0
Carson Palmer,8842,USC,107.0,141.0,11.7,2003,2017,14,182,181,46247.0,6.93,294,4.7,187,3.0,6307,3941,62.5,47.4,91.0,340.0,2364.0,7.3,1,1,['3x Pro Bowl'],0,5,6,235.0,92,88,77.0
Byron Leftwich,8842,Marshall,33.0,36.0,11.3,2003,2012,9,60,50,10532.0,6.11,58,3.6,42,2.6,1605,930,57.9,41.8,84.0,92.0,452.0,6.6,1,7,[],1,5,5,250.0,24,26,77.0
Kyle Boller,8842,California,16.0,17.0,10.4,2003,2011,8,67,47,8931.0,4.91,48,3.2,54,3.6,1519,861,56.7,38.3,77.0,123.0,802.0,5.9,1,19,0,0,7,4,220.0,20,27,75.0
Rex Grossman,8842,Florida,23.0,25.0,11.9,2003,2011,9,54,47,10232.0,5.54,56,3.6,60,3.8,1562,863,55.2,41.1,64.0,92.0,698.0,6.6,1,22,0,0,5,5,225.0,25,22,73.0
Dave Ragone,0,Louisville,1.0,1.0,6.8,2003,0,0,2,2,135.0,2.25,0,0.0,1,2.5,40,20,50.0,22.9,24.0,39.0,16.67,3.4,3,88,0,0,2,1,245.0,0,2,76.0
Chris Simms,0,Texas,8.0,8.0,10.5,2003,2009,5,23,16,3117.0,4.98,12,2.3,18,3.5,511,297,58.1,41.6,78.0,49.0,361.0,6.1,3,97,0,0,8,4,230.0,7,9,76.0
Seneca Wallace,8842,Sacramento CC,14.0,16.0,10.6,2003,2013,8,64,22,4947.0,5.98,31,3.9,19,2.4,788,468,59.4,41.4,90.0,59.0,339.0,6.3,4,110,0,0,6,5,205.0,6,16,71.0
Drew Henson,0,Michigan,0.0,0.0,8.9,2003,2008,2,9,1,98.0,3.65,1,5.0,1,5.0,20,11,55.0,36.0,20.0,5.0,51.0,4.9,6,192,0,0,20,1,230.0,1,0,76.0
Brooks Bollinger,0,Wisconsin,6.0,6.0,10.5,2003,2008,5,21,10,2226.0,5.56,9,2.5,9,2.5,360,211,58.6,39.6,60.0,49.0,301.0,6.2,6,200,0,0,11,4,205.0,2,8,72.0
Kliff Kingsbury,0,Texas Tech,0.0,0.0,79.2,2003,0,0,1,0,0.0,17.0,0,0.0,0,0.0,50,2,17.0,8.5,8.5,8.5,8.5,17.0,6,201,0,0,0,0,220.0,1,0,75.0
Gibran Hamdan,0,Indiana,0.0,0.0,58.3,2003,0,0,1,0,0.0,7.0,0,0.0,0,0.0,50,2,7.0,3.5,3.5,1.67,1.67,7.0,7,232,0,0,0,0,240.0,1,0,78.0
Ken Dorsey,0,Miami (FL),2.0,2.0,9.7,2003,2008,4,16,13,2082.0,3.51,8,2.0,18,4.4,408,214,52.5,35.3,59.0,25.0,172.0,5.1,7,241,0,0,5,4,220.0,2,11,76.0
David Carr,8842,Fresno St.,45.0,49.0,10.7,2002,2012,10,94,79,14452.0,5.54,65,2.9,71,3.1,2267,1353,59.7,41.2,81.0,267.0,1564.0,6.4,1,1,0,0,10,5,212.0,23,56,75.0
Joey Harrington,8842,Oregon,31.0,34.0,10.3,2002,2007,6,81,76,14693.0,4.9,79,3.1,85,3.3,2538,1424,56.1,39.3,86.0,124.0,770.0,5.8,1,3,0,0,4,5,220.0,26,50,76.0
Patrick Ramsey,0,Tulane,14.0,15.0,11.6,2002,2008,7,37,24,5930.0,5.78,35,3.8,30,3.3,913,511,56.0,40.6,72.0,79.0,520.0,6.5,1,32,0,0,7,5,225.0,10,14,74.0
Josh McCown,8842,SMU,40.0,47.0,11.2,2002,2019,16,102,76,17731.0,6.08,98,3.7,82,3.1,2633,1584,60.2,42.6,80.0,235.0,1563.0,6.7,3,81,0,0,8,5,218.0,23,53,76.0
David Garrard,8842,East Carolina,62.0,70.0,11.4,2002,2010,9,86,76,16003.0,6.73,89,3.9,54,2.4,2281,1406,61.6,45.6,75.0,179.0,1115.0,7.0,4,108,['1x Pro Bowl'],0,7,6,235.0,39,37,73.0
Rohan Davey,0,LSU,0.0,0.0,12.6,2002,0,3,7,0,0.0,11.0,0,0.0,0,6.0,42,19,88.0,20.0,4.6,0.0,4.63,4.63,4,117,[],0,4,0,245.0,8,0,74.0
Randy Fasani,0,Stanford,1.0,1.0,11.4,2002,0,0,4,1,171.0,-0.2,0,0.0,4,9.1,44,15,34.1,17.6,27.0,60.0,13.73,3.9,5,137,0,0,2,-1,234.0,0,1,75.0
Kurt Kittner,0,Illinois,1.0,1.0,8.9,2002,2003,0,7,4,391.0,1.41,2,1.8,6,5.3,114,44,38.6,26.9,31.0,30.0,4.2,3.4,5,158,0,0,3,1,221.0,1,3,74.0
Craig Nall,0,LSU,1.0,1.0,57.4,2002,2007,3,7,0,5.0,13.4,10,0.0,0,23.0,62,48,402.0,43.0,8.4,18.0,5.88,10.46,5,164,0,0,7,9,230.0,30,0,75.0
Ronald Curry,8842,North Carolina,16.0,0.0,0.0,2002,2008,7,76,32,13.0,3.0,123,51.3,63,2.5,2347,193,12.2,61.1,7.4,0.6,0.0,5.0,7,235,0,0,0,198,220.0,316,0,74.0
Michael Vick,8842,Virginia Tech,92.0,112.0,12.4,2001,2015,13,143,115,22464.0,6.58,133,4.1,88,2.7,3217,1807,56.2,40.5,91.0,316.0,1879.0,7.0,1,1,['4x Pro Bowl'],0,8,5,210.0,61,51,72.0
Drew Brees,8842,Purdue,167.0,277.0,11.3,2001,2020,20,287,286,80358.0,7.66,571,5.4,243,2.3,10551,7142,67.7,51.2,98.0,420.0,2991.0,7.6,2,32,"['13x Pro Bowl', '1x All-Pro']",1,3,7,209.0,172,114,72.0
Quincy Carter,0,Georgia,16.0,17.0,11.7,2001,2004,4,38,34,6337.0,5.53,32,3.3,37,3.9,960,542,56.5,38.4,80.0,80.0,441.0,6.6,2,53,0,0,7,5,213.0,18,16,74.0
Marques Tuiasosopo,0,Washington,1.0,1.0,11.3,2001,2008,6,13,2,554.0,3.1,2,2.2,7,7.8,90,49,54.4,43.0,35.0,10.0,70.0,6.2,2,59,0,0,10,4,220.0,0,2,73.0
Chris Weinke,0,Florida St.,9.0,9.0,10.1,2001,2007,5,29,20,3904.0,4.28,15,2.1,26,3.7,709,386,54.4,38.0,48.0,47.0,298.0,5.5,4,106,0,0,6,4,232.0,2,18,76.0
Sage Rosenfels,0,Iowa St.,13.0,14.0,11.8,2001,2010,8,44,12,4156.0,6.14,30,5.3,29,5.2,562,351,62.5,51.3,77.0,19.0,127.0,7.4,4,109,0,0,3,6,222.0,6,6,76.0
Jesse Palmer,0,Florida,1.0,1.0,8.9,2001,2003,2,8,3,562.0,3.68,3,2.5,4,3.3,120,63,52.5,33.1,40.0,95.0,11.76,4.7,4,125,0,0,3,2,225.0,0,3,74.0
Mike McMahon,0,Rutgers,6.0,6.0,12.5,2001,2005,5,29,14,2867.0,4.31,15,2.9,21,4.1,515,229,44.5,31.8,69.0,338.0,9.65,5.6,5,149,0,0,4,3,208.0,3,11,74.0
Chad Pennington,8842,Marshall,55.0,62.0,10.9,2000,2010,11,89,81,17823.0,6.87,102,4.1,64,2.6,2471,1632,66.0,48.1,80.0,162.0,965.0,7.2,1,18,[],0,6,6,230.0,44,37,75.0
Chris Redman,0,Louisville,9.0,10.0,11.1,2000,2011,8,30,12,3179.0,5.94,21,4.2,14,2.8,500,286,57.2,41.0,74.0,34.0,198.0,6.4,3,75,[],1,6,5,223.0,4,8,75.0
Tee Martin,0,Tennessee,0.0,0.0,23.0,2000,0,2,3,0,0.0,11.5,0,1.0,6,5.0,37,16,69.0,17.0,4.3,5.88,3.76,1.5,5,163,0,0,1,0,225.0,6,0,74.0
Marc Bulger,8842,West Virginia,57.0,64.0,11.6,2000,2009,8,96,95,22814.0,6.64,122,3.8,93,2.9,3171,1969,62.1,45.3,80.0,254.0,1863.0,7.2,6,168,['2x Pro Bowl'],0,7,6,208.0,41,54,75.0
Spergon Wynn,0,Minnesota,2.0,2.0,8.4,2000,2001,2,10,3,585.0,1.91,1,0.7,7,4.6,152,70,46.1,25.1,47.0,154.0,13.14,3.8,6,183,0,0,2,0,226.0,0,3,75.0
Tom Brady,2000,Michigan,184.0,326.0,11.5,2000,2022,23,335,333,89214.0,7.69,649,5.4,212,1.8,12050,7753,64.3,49.6,99.0,565.0,3576.0,7.4,6,199,"['15x Pro Bowl', '3x All-Pro']",7,4,6,225.0,251,82,76.0
Tim Rattay,0,Louisiana Tech,12.0,13.0,11.2,2000,2007,8,40,18,4853.0,6.22,31,4.3,23,3.2,714,432,60.5,43.8,89.0,63.0,372.0,6.8,7,212,0,0,8,5,200.0,5,13,72.0
Jarious Jackson,0,Notre Dame,0.0,0.0,10.4,2000,0,4,5,1,114.0,3.14,0,0.0,1,4.5,22,11,50.0,37.5,19.0,11.0,8.33,5.2,7,214,0,0,4,2,228.0,0,1,72.0
Kyler Murray,8251,Texas A&M,57.0,,10.5,2019,0,6,6,71,16833.0,6.94,102,4.2,48,2.0,2409,1608,66.7,46.7,88.0,160.0,1146.0,7.0,1,1,['2x Pro Bowl'],0,6,6,207.0,30,40,70.0
Dwayne Haskins,0,Ohio St.,4.0,4.0,10.5,2019,2020,2,16,13,2804.0,5.44,12,2.7,14,3.2,444,267,60.1,38.3,75.0,49.0,345.0,6.3,1,15,0,0,9,4,230.0,3,10,76.0
Drew Lock,0,Missouri,13.0,,11.3,2019,0,5,1,23,5283.0,6.12,28,3.6,23,2.9,786,469,59.7,41.0,92.0,39.0,227.0,6.7,2,42,0,0,4,6,228.0,9,14,76.0
Will Grier,0,Florida,1.0,1.0,8.1,2019,0,0,2,2,228.0,0.92,0,0.0,4,7.7,52,28,53.8,32.8,28.0,6.0,44.0,4.4,3,100,0,0,10,3,220.0,0,2,73.0
Ryan Finley,0,North Carolina St.,2.0,2.0,11.0,2019,2020,2,8,4,638.0,4.35,3,2.5,4,3.4,119,58,48.7,28.1,47.0,20.0,156.0,5.4,4,104,0,0,14,3,207.0,1,3,76.0
Jarrett Stidham,0,Baylor,6.0,6.0,12.2,2019,0,4,16,4,1422.0,6.2,8,4.1,8,4.1,197,117,59.4,41.2,60.0,19.0,121.0,7.2,4,133,0,0,8,6,215.0,1,3,75.0
Easton Stick,0,North Dakota St.,4.0,4.0,10.1,2019,0,2,6,4,1133.0,6.56,3,1.7,1,0.6,175,112,64.0,43.4,79.0,14.0,122.0,6.5,5,166,0,0,7,5,224.0,0,4,73.0
Clayton Thorson,0,Northwestern,,0.0,,2019,0,0,0,0,,,0,,0,,0,0,,,,,,,5,167,0,0,0,0,222.0,0,0,76.0
Gardner Minshew,8251,Northwest Mississippi CC,29.0,,11.1,2019,0,6,5,42,10951.0,6.98,63,4.0,29,1.9,1563,990,63.3,43.4,78.0,120.0,683.0,7.0,6,178,['1x Pro Bowl'],0,7,6,225.0,17,25,73.0
Trace McSorley,0,Penn St.,1.0,1.0,10.5,2019,2022,3,9,1,502.0,3.19,1,1.1,5,5.4,93,48,51.6,28.1,70.0,3.0,27.0,5.4,6,197,0,0,3,4,202.0,0,1,72.0
Baker Mayfield,8251,Oklahoma,57.0,,11.6,2018,0,7,6,92,21821.0,7.02,145,4.8,79,2.6,3014,1884,62.5,45.0,89.0,227.0,1445.0,7.2,1,1,['1x Pro Bowl'],0,7,6,215.0,44,48,73.0
Sam Darnold,8251,USC,25.0,,11.3,2018,0,7,5,61,13175.0,6.14,74,3.8,60,3.1,1948,1169,60.0,42.0,97.0,163.0,1067.0,6.8,1,3,0,0,7,5,225.0,26,35,75.0
Josh Allen,0,La-Monroe,0.0,0.0,0.0,2025,2014,0,3,0,0.0,0.0,0,0.0,1,0.0,0,0,0.0,0.0,0.0,,,0.0,0,0,0,0,0,0,315.0,0,0,75.0
Josh Rosen,0,UCLA,3.0,3.0,10.3,2018,2021,3,24,16,2864.0,4.21,12,2.3,21,4.1,513,277,54.0,35.7,75.0,61.0,413.0,5.6,1,10,0,0,10,4,226.0,3,13,76.0
Lamar Jackson,8251,Louisville,84.0,,11.8,2018,0,7,6,83,17416.0,7.87,135,5.9,47,2.1,2288,1480,64.7,47.5,83.0,176.0,899.0,7.6,1,32,"['3x Pro Bowl', '2x All-Pro']",0,7,6,205.0,62,21,74.0
Mason Rudolph,0,Oklahoma St.,7.0,,10.6,2018,0,5,1,13,3170.0,6.43,19,4.0,11,2.3,475,300,63.2,41.4,86.0,23.0,183.0,6.7,3,76,0,0,4,6,235.0,8,4,77.0
Kyle Lauletta,0,Richmond,0.0,0.0,0.0,2018,0,0,2,0,0.0,,0,1.0,20,0.0,0,5,0.0,-9.0,0.0,-9.0,0.0,0.0,4,108,0,0,0,0,222.0,0,0,74.0
Mike White,0,South Florida,5.0,5.0,11.3,2018,0,3,14,7,2219.0,5.8,9,2.9,13,4.2,313,196,62.6,46.0,68.0,13.0,94.0,7.1,5,171,0,0,3,6,216.0,2,5,77.0
Luke Falk,0,Washington St.,1.0,1.0,8.9,2018,0,0,3,2,416.0,3.85,0,0.0,3,4.1,73,47,64.4,27.0,36.0,16.0,96.0,5.7,6,199,0,0,17,3,215.0,0,2,76.0
Danny Etling,0,Purdue,,0.0,,2018,0,0,0,0,,,0,,0,,0,0,,,,,,,7,219,0,0,0,0,220.0,0,0,75.0
Alex McGough,0,Florida International,,0.0,,2018,0,0,0,0,,,0,,0,,0,0,,,,,,,7,220,0,0,0,0,214.0,0,0,75.0
Logan Woodside,0,Toledo,0.0,0.0,0.0,2018,0,4,13,0,14.3,0.0,18,0.7,0,1.1,0,10,1.0,0.0,0.0,10.0,0.0,0.0,7,249,0,0,0,0,213.0,14,0,73.0
Mitchell Trubisky,8251,North Carolina,38.0,,10.4,2017,0,8,4,57,12541.0,6.3,72,3.8,48,2.6,1875,1202,64.1,45.4,70.0,129.0,808.0,6.7,1,2,['1x Pro Bowl'],0,6,5,222.0,31,26,75.0
Patrick Mahomes,8251,Texas Tech,96.0,,11.9,2017,0,8,5,101,29659.0,8.28,225,6.0,69,1.8,3750,2497,66.6,52.5,89.0,157.0,1031.0,7.9,1,10,"['6x Pro Bowl', '2x All-Pro']",3,4,7,225.0,79,22,74.0
Deshaun Watson,8251,Clemson,58.0,,11.8,2017,0,7,6,71,17776.0,7.9,123,5.4,48,2.1,2288,1512,66.1,46.6,77.0,242.0,1419.0,7.8,1,12,['3x Pro Bowl'],0,9,6,223.0,37,34,75.0
DeShone Kizer,0,Notre Dame,6.0,6.0,11.2,2017,2018,2,18,15,3081.0,4.29,11,2.1,24,4.6,518,275,53.1,33.9,56.0,42.0,264.0,5.9,2,52,0,0,7,5,235.0,0,15,76.0
Davis Webb,0,California,1.0,1.0,7.3,2017,2022,2,2,1,168.0,4.7,1,2.5,0,0.0,40,23,57.5,35.0,25.0,0.0,0.0,4.2,3,87,0,0,0,4,225.0,0,1,77.0
Joshua Dobbs,0,Tennessee,8.0,8.0,9.4,2017,0,4,21,14,2920.0,5.25,15,3.0,13,2.6,502,312,62.2,40.7,69.0,36.0,243.0,5.8,4,135,0,0,6,4,220.0,3,11,75.0
Nathan Peterman,0,Tennessee,3.0,3.0,8.4,2017,0,6,15,5,712.0,1.29,4,2.5,13,8.1,160,85,53.1,32.6,28.0,12.0,66.0,4.5,5,171,0,0,6,3,225.0,1,4,74.0
Brad Kaaya,0,Miami (FL),,0.0,,2017,0,0,0,0,,,0,,0,,0,0,,,,,,,6,215,0,0,0,0,215.0,0,0,76.0
Chad Kelly,0,East Mississippi CC,0.0,0.0,0.0,2017,2018,0,1,0,0.0,0.0,-1,-1.0,-1,1.0,0,-1,0.0,0.0,0.0,-1.0,0.0,0.0,7,253,0,0,0,0,216.0,1,0,74.0
Jared Goff,8251,California,83.0,,11.5,2016,0,9,5,122,31759.0,7.46,193,4.5,86,2.0,4256,2763,64.9,48.4,94.0,226.0,1654.0,7.5,1,1,['3x Pro Bowl'],0,5,6,217.0,70,51,76.0
Carson Wentz,8842,North Dakota St.,60.0,68.0,10.8,2016,0,8,95,93,22292.0,6.75,153,4.6,67,2.0,3308,2073,62.7,45.2,76.0,239.0,1533.0,6.7,1,2,['1x Pro Bowl'],1,6,5,237.0,47,45,77.0
Paxton Lynch,0,Memphis,2.0,2.0,10.0,2016,2017,2,5,4,792.0,5.41,4,3.1,4,3.1,128,79,61.7,41.1,31.0,18.0,93.0,6.2,1,26,0,0,12,4,244.0,1,3,79.0
Christian Hackenberg,0,Penn St.,,0.0,,2016,0,0,0,0,,,0,,0,,0,0,,,,,,,2,51,0,0,0,0,228.0,0,0,76.0
Jacoby Brissett,8251,Florida,34.0,,10.6,2016,0,9,5,53,11270.0,6.48,53,3.1,24,1.4,1735,1060,61.1,42.3,80.0,147.0,925.0,6.5,3,91,[],1,7,5,235.0,19,34,76.0
Cody Kessler,0,USC,5.0,5.0,9.9,2016,2018,3,17,12,2215.0,6.16,8,2.3,5,1.4,349,224,64.2,42.5,44.0,49.0,337.0,6.3,3,93,0,0,12,4,215.0,2,10,73.0
Connor Cook,0,Michigan St.,0.0,0.0,150.0,2016,2016,0,1,0,1.0,10.7,4,1.0,4,6.0,66,21,150.0,32.0,7.1,7.0,8.7,5.95,4,100,0,0,6,5,215.0,14,0,76.0
Dak Prescott,8251,Mississippi St.,91.0,,11.3,2016,0,9,6,120,31061.0,7.73,210,5.1,80,2.0,4097,2737,66.8,49.8,92.0,251.0,1515.0,7.6,4,135,['3x Pro Bowl'],0,5,6,238.0,76,44,74.0
Cardale Jones,0,Ohio St.,0.0,0.0,96.0,2016,0,0,1,0,0.0,16.0,0,1.0,9,2.0,54,11,96.0,64.0,8.7,2.0,8.33,4.64,4,139,0,0,7,4,250.0,6,0,77.0
Kevin Hogan,0,Stanford,2.0,2.0,10.4,2016,2021,3,9,1,621.0,3.82,4,4.0,7,6.9,101,60,59.4,38.5,49.0,8.0,45.0,6.1,5,162,0,0,7,5,218.0,0,1,75.0
Nate Sudfeld,0,Indiana,1.0,1.0,31.3,2016,0,4,6,0,1.0,7.5,2,1.0,2,7.0,67,37,188.0,22.0,5.1,47.0,13.95,4.41,6,187,[],1,3,2,230.0,25,0,78.0
Jake Rudock,0,Michigan,0.0,0.0,8.0,2016,0,0,3,0,0.0,8.0,0,1.0,20,1.0,60,5,24.0,13.0,4.8,0.0,0.0,-4.2,6,191,0,0,4,-4,212.0,3,0,75.0
Brandon Allen,0,Arkansas,4.0,,10.8,2016,0,5,1,9,1611.0,5.86,10,3.8,6,2.3,263,149,56.7,36.3,75.0,21.0,143.0,6.1,6,201,0,0,7,5,209.0,2,7,74.0
Jeff Driskel,0,Florida,7.0,,10.5,2016,0,7,1,12,2394.0,5.79,16,4.1,10,2.6,391,229,58.6,37.3,47.0,43.0,305.0,6.1,6,207,0,0,9,4,231.0,1,10,76.0
Brandon Doughty,0,Western Kentucky,,0.0,,2016,0,0,0,0,,,0,,0,,0,0,,,,,,,7,223,0,0,0,0,212.0,0,0,75.0
Jameis Winston,8251,Florida St.,60.0,,12.5,2015,0,10,4,80,22120.0,7.11,141,4.9,99,3.4,2883,1764,61.2,47.2,72.0,195.0,1242.0,7.7,1,1,['1x Pro Bowl'],0,6,6,230.0,34,46,76.0
Marcus Mariota,8251,Oregon,54.0,,11.9,2015,0,10,1,74,15818.0,7.17,93,4.4,55,2.6,2121,1328,62.6,44.5,75.0,186.0,1198.0,7.5,1,2,0,0,8,6,222.0,34,40,76.0
Garrett Grayson,0,Colorado St.,,0.0,,2015,0,0,0,0,,,0,,0,,0,0,,,,,,,3,75,0,0,0,0,220.0,0,0,74.0
Sean Mannion,0,Oregon St.,2.0,2.0,8.6,2015,2021,6,14,3,573.0,4.16,1,0.9,3,2.7,110,67,60.9,34.8,50.0,5.0,35.0,5.2,3,89,0,0,4,4,230.0,0,3,78.0
Bryce Petty,0,Baylor,4.0,4.0,10.4,2015,2017,2,10,7,1353.0,4.01,4,1.6,10,4.1,245,130,53.1,34.6,52.0,21.0,134.0,5.5,4,103,0,0,7,4,226.0,1,6,75.0
Brett Hundley,0,UCLA,5.0,5.0,9.6,2015,2019,3,18,9,1902.0,4.44,9,2.7,13,3.9,337,199,59.1,38.9,55.0,31.0,208.0,5.6,5,147,0,0,8,4,226.0,3,6,75.0
Trevor Siemian,0,Northwestern,16.0,16.0,11.0,2015,0,7,40,33,7751.0,5.95,44,3.6,32,2.6,1208,707,58.5,40.9,76.0,85.0,542.0,6.4,7,250,[],1,6,5,220.0,15,18,75.0
Blake Bortles,8842,Central Florida,44.0,48.0,11.3,2014,2019,6,78,73,17649.0,6.2,103,3.9,75,2.8,2634,1562,59.3,43.2,90.0,195.0,1158.0,6.7,1,3,0,0,6,5,236.0,24,49,77.0
Johnny Manziel,0,Texas A&M,4.0,4.0,11.4,2014,2015,2,14,8,1675.0,5.81,7,2.7,7,2.7,258,147,57.0,39.6,61.0,22.0,167.0,6.5,1,22,0,0,7,5,207.0,2,6,72.0
Teddy Bridgewater,8842,Louisville,49.0,53.0,11.0,2014,0,9,79,65,15120.0,7.02,75,3.6,47,2.3,2067,1372,66.4,44.6,87.0,166.0,1114.0,7.3,1,32,['1x Pro Bowl'],0,7,6,212.0,33,32,74.0
Derek Carr,8842,Beloit,5.0,0.0,0.0,0,2021,9,103,23,3.0,29.0,20,59.0,25,0.6,529,59,9.0,71.1,6.4,14.5,0.3,2.0,0,0,0,0,0,61,240.0,83,0,75.0
Jimmy Garoppolo,8842,Eastern Illinois,47.0,52.0,12.1,2014,0,10,81,63,15494.0,7.96,94,5.0,51,2.7,1895,1277,67.4,49.9,83.0,137.0,921.0,8.2,2,62,[],2,6,7,225.0,43,20,74.0
Logan Thomas,8842,Virginia Tech,15.0,0.0,0.0,2014,0,8,94,57,16.0,7.0,97,50.0,35,2.3,2002,219,9.1,66.8,6.1,1.8,0.1,4.0,4,120,0,0,0,223,250.0,328,0,78.0
Tom Savage,0,Pittsburgh,3.0,3.0,11.0,2014,2017,3,13,9,2000.0,5.67,5,1.6,7,2.2,315,181,57.5,40.6,57.0,27.0,200.0,6.3,4,135,0,0,7,5,230.0,2,7,76.0
Aaron Murray,0,Georgia,,0.0,,2014,0,0,0,0,,,0,,0,,0,0,,,,,,,5,163,0,0,0,0,207.0,0,0,73.0
Zach Mettenberger,0,Butler (KS),1.0,1.0,11.3,2014,2015,2,14,10,2347.0,5.67,12,3.5,14,4.1,345,208,60.3,39.4,80.0,31.0,236.0,6.8,6,178,0,0,8,5,224.0,0,10,77.0
David Fales,0,San Jose St.,1.0,1.0,57.4,2014,2019,3,5,0,1.0,9.3,2,1.0,2,17.0,64,48,287.0,26.0,6.0,20.0,5.88,5.46,6,183,0,0,5,4,210.0,31,0,74.0
Keith Wenning,0,Ball St.,,0.0,,2014,0,0,0,0,,,0,,0,,0,0,,,,,,,6,194,0,0,0,0,218.0,0,0,75.0
Tajh Boyd,0,Clemson,,0.0,,2014,0,0,0,0,,,0,,0,,0,0,,,,,,,6,213,0,0,0,0,222.0,0,0,73.0
Garrett Gilbert,0,Texas,2.0,2.0,11.1,2014,2021,4,8,2,477.0,6.03,1,1.3,1,1.3,75,43,57.3,40.0,46.0,5.0,48.0,6.4,6,214,0,0,6,5,230.0,0,2,76.0
EJ Manuel,0,Florida St.,10.0,11.0,11.0,2013,2017,5,30,18,3767.0,5.84,20,3.4,16,2.7,590,343,58.1,41.6,80.0,47.0,297.0,6.4,1,16,0,0,7,5,237.0,6,12,76.0
Geno Smith,8251,West Virginia,42.0,,11.2,2013,0,11,6,72,16601.0,6.69,90,3.9,63,2.7,2328,1487,63.9,45.1,84.0,191.0,1373.0,7.1,2,39,['2x Pro Bowl'],0,7,6,221.0,33,39,75.0
Mike Glennon,0,North Carolina St.,9.0,8.0,10.2,2013,2021,8,40,31,7025.0,5.57,47,4.1,35,3.1,1147,689,60.1,40.2,85.0,83.0,612.0,6.1,3,73,0,0,6,5,225.0,6,25,79.0
Matt Barkley,0,USC,5.0,5.0,12.7,2013,0,7,20,7,2699.0,5.31,11,3.0,22,6.1,363,212,58.4,48.7,56.0,13.0,92.0,7.4,4,98,0,0,3,6,234.0,2,5,74.0
Ryan Nassib,0,Syracuse,0.0,0.0,25.6,2013,2015,2,5,0,1.0,14.2,10,0.0,0,6.0,90,10,128.0,29.0,12.8,11.0,16.67,14.8,4,110,0,0,9,11,227.0,9,0,74.0
Tyler Wilson,0,Arkansas,,0.0,,2013,0,0,0,0,,,0,,0,,0,0,,,,,,,4,112,0,0,0,0,215.0,0,0,74.0
Landry Jones,0,Oklahoma,4.0,4.0,12.1,2013,2017,3,18,5,1310.0,6.83,8,4.7,7,4.1,169,108,63.9,42.1,88.0,9.0,66.0,7.8,4,115,0,0,5,6,225.0,3,2,76.0
Brad Sorensen,0,Southern Utah,,0.0,,2013,0,0,0,0,,,0,,0,,0,0,,,,,,,7,221,0,0,0,0,229.0,0,0,77.0
Zac Dysert,0,Miami (OH),,0.0,,2013,0,0,0,0,,,0,,0,,0,0,,,,,,,7,234,0,0,0,0,231.0,0,0,75.0
Sean Renfree,0,Duke,0.0,0.0,5.5,2013,0,0,2,0,0.0,3.7,0,1.0,14,1.0,42,7,11.0,11.0,1.6,17.0,22.22,-4.86,7,249,0,0,0,-5,219.0,3,0,75.0
Andrew Luck,8842,Stanford,72.0,80.0,11.8,2012,2018,6,86,86,23671.0,7.1,171,5.2,83,2.5,3290,2000,60.8,47.0,87.0,174.0,1124.0,7.2,1,1,['4x Pro Bowl'],0,5,6,240.0,53,33,76.0
Robert Griffin,8842,Baylor,36.0,38.0,11.6,2012,2020,7,56,42,9271.0,6.93,43,3.4,30,2.4,1268,799,63.0,43.1,88.0,131.0,895.0,7.3,1,2,['1x Pro Bowl'],0,9,5,213.0,16,26,74.0
Ryan Tannehill,8842,Texas A&M,91.0,114.0,11.4,2012,0,11,155,151,34881.0,7.14,216,4.5,115,2.4,4764,3063,64.3,45.4,91.0,415.0,3065.0,7.3,1,8,['1x Pro Bowl'],0,8,6,217.0,81,70,76.0
Brandon Weeden,0,Oklahoma St.,13.0,14.0,11.6,2012,2018,5,35,25,6462.0,5.94,31,3.2,30,3.1,965,559,57.9,40.0,95.0,66.0,452.0,6.7,1,22,0,0,6,5,227.0,6,19,75.0
Brock Osweiler,0,Arizona St.,14.0,15.0,10.6,2012,2018,7,49,30,7418.0,5.81,37,3.2,31,2.7,1165,697,59.8,42.7,75.0,79.0,559.0,6.4,2,57,[],1,6,5,240.0,15,15,79.0
Russell Wilson,8842,Wisconsin,136.0,179.0,11.9,2012,0,12,188,188,43653.0,8.04,334,5.9,106,1.9,5665,3668,64.7,45.6,80.0,527.0,3464.0,7.7,3,75,['9x Pro Bowl'],1,8,6,206.0,115,72,71.0
Nick Foles,8842,Arizona,32.0,37.0,10.9,2012,2022,11,71,58,14227.0,6.59,82,3.9,47,2.3,2087,1302,62.4,41.1,83.0,127.0,875.0,6.8,3,88,['1x Pro Bowl'],1,5,6,262.0,29,29,78.0
Kirk Cousins,8251,Michigan St.,94.0,,11.4,2012,0,13,6,151,41069.0,7.7,279,5.2,115,2.1,5384,3603,66.9,48.3,81.0,314.0,2277.0,7.6,4,102,['4x Pro Bowl'],0,5,6,205.0,80,69,75.0
Ryan Lindley,0,San Diego St.,4.0,-4.0,9.8,2012,2015,3,10,6,1372.0,3.42,3,1.1,11,4.0,274,140,51.1,33.9,41.0,18.0,137.0,5.0,6,185,0,0,6,4,229.0,1,5,75.0
Chandler Harnish,0,Northern Illinois,,0.0,,2012,0,0,0,0,,,0,,0,,0,0,,,,,,,7,253,0,0,0,0,219.0,0,0,74.0
Cam Newton,8842,Florida,115.0,140.0,12.1,2011,2021,11,148,144,32382.0,6.87,194,4.3,123,2.7,4474,2682,59.9,44.6,91.0,332.0,2477.0,7.2,1,1,"['3x Pro Bowl', '1x All-Pro']",0,6,6,245.0,75,68,77.0
Jake Locker,0,Washington,15.0,16.0,12.2,2011,2014,4,30,23,4967.0,6.37,27,3.8,22,3.1,709,408,57.5,39.7,71.0,60.0,378.0,7.0,1,8,0,0,7,5,228.0,9,14,74.0
Blaine Gabbert,8842,Missouri,17.0,19.0,10.8,2011,0,12,69,49,9487.0,5.27,51,3.3,50,3.2,1568,882,56.3,36.3,80.0,141.0,942.0,6.1,1,10,[],2,8,5,233.0,14,35,76.0
Christian Ponder,0,Florida St.,22.0,23.0,10.5,2011,2014,4,38,36,6658.0,5.49,38,3.6,36,3.4,1057,632,59.8,41.1,72.0,95.0,501.0,6.3,1,12,0,0,8,5,222.0,14,21,74.0
Andy Dalton,8251,TCU,91.0,,11.2,2011,0,14,5,167,39407.0,6.75,253,4.5,148,2.6,5598,3503,62.6,45.2,86.0,353.0,2314.0,7.0,2,35,['3x Pro Bowl'],0,5,6,220.0,84,81,74.0
Colin Kaepernick,8842,Nevada,45.0,49.0,12.1,2011,2016,6,69,58,12271.0,7.31,72,4.3,30,1.8,1692,1011,59.8,42.4,80.0,171.0,1060.0,7.3,2,36,0,0,9,6,225.0,28,30,76.0
Ryan Mallett,0,Michigan,4.0,4.0,9.7,2011,2017,5,21,8,1835.0,4.54,9,2.6,10,2.9,345,190,55.1,41.5,48.0,7.0,37.0,5.3,3,74,0,0,1,5,240.0,3,5,78.0
Ricky Stanzi,0,Iowa,,0.0,,2011,0,0,0,0,,,0,,0,,0,0,,,,,,,5,135,0,0,0,0,223.0,0,0,76.0
Nathan Enderle,0,Idaho,,0.0,,2011,0,0,0,0,,,0,,0,,0,0,,,,,,,5,160,0,0,0,0,240.0,0,0,76.0
Tyrod Taylor,8251,Virginia Tech,48.0,,11.3,2011,0,14,1,58,12171.0,7.01,66,3.8,29,1.7,1738,1074,61.8,42.2,84.0,177.0,1006.0,7.0,6,180,['1x Pro Bowl'],1,9,5,217.0,28,28,73.0
Greg McElroy,0,Alabama,1.0,1.0,11.3,2011,2012,0,2,1,214.0,6.1,1,3.2,1,3.2,31,19,61.3,35.7,30.0,11.0,71.0,6.9,7,208,0,0,26,3,222.0,0,1,74.0
Sam Bradford,8842,Oklahoma,44.0,49.0,10.5,2010,2018,8,83,83,19449.0,6.32,103,3.5,61,2.1,2967,1855,62.5,43.8,80.0,196.0,1371.0,6.6,1,1,[],0,6,5,224.0,34,48,76.0
Tim Tebow,0,Florida,12.0,12.0,14.0,2010,2012,3,35,16,2422.0,6.53,17,4.7,9,2.5,361,173,47.9,35.3,56.0,41.0,258.0,6.7,1,25,0,0,10,5,236.0,8,6,74.0
Jimmy Clausen,0,Notre Dame,3.0,3.0,9.9,2010,2015,3,21,14,2520.0,4.3,7,1.5,14,3.0,472,255,54.0,32.0,55.0,43.0,281.0,5.3,2,48,0,0,8,4,217.0,1,13,75.0
Colt McCoy,8842,Texas,17.0,19.0,10.4,2010,2022,12,56,36,7975.0,5.91,34,2.8,32,2.6,1220,764,62.6,42.2,71.0,113.0,701.0,6.5,3,85,0,0,8,5,212.0,11,25,73.0
Mike Kafka,0,Northwestern,0.0,0.0,26.8,2010,0,0,4,0,0.0,9.7,0,2.0,12,3.0,68,16,107.0,43.0,6.7,6.0,5.88,1.06,4,122,0,0,5,0,216.0,11,0,75.0
John Skelton,0,Fordham,4.0,4.0,11.6,2010,2012,3,20,17,3707.0,4.79,15,2.5,25,4.2,602,320,53.2,38.4,74.0,47.0,325.0,6.2,5,155,0,0,7,5,244.0,8,9,77.0
Jonathan Crompton,0,,,0.0,,2010,0,0,0,0,,,0,,0,,0,0,,,,,,,5,168,0,0,0,0,222.0,0,0,75.0
Rusty Smith,0,Florida Atlantic,1.0,1.0,10.2,2010,0,2,3,1,234.0,1.2,0,0.0,4,8.9,45,23,51.1,26.1,52.0,1.0,0.0,5.2,6,176,0,0,2,5,212.0,0,1,77.0
Dan LeFevour,0,,,0.0,,2010,0,0,0,0,,,0,,0,,0,0,,,,,,,6,181,0,0,0,0,230.0,0,0,75.0
Joe Webb,8842,Ala-Birmingham,4.0,4.0,9.9,2010,2020,10,104,4,888.0,4.26,3,1.9,6,3.8,159,90,56.6,38.8,46.0,11.0,69.0,5.6,6,199,0,0,6,4,231.0,1,1,76.0
Tony Pike,0,Cincinnati,0.0,0.0,47.0,2010,0,0,1,0,0.0,7.8,0,0.0,0,3.0,50,12,47.0,22.0,3.9,10.0,7.69,3.92,6,204,0,0,2,2,212.0,6,0,77.0
Levi Brown,0,Troy,0.0,0.0,24.0,2010,0,0,1,0,0.0,12.0,0,1.0,33,1.0,66,3,24.0,16.0,8.0,0.0,0.0,-7.0,7,209,0,0,8,-7,229.0,2,0,75.0
Sean Canfield,0,,,0.0,,2010,0,0,0,0,,,0,,0,,0,0,,,,,,,7,239,0,0,0,0,223.0,0,0,76.0
Zac Robinson,0,Oklahoma St.,,0.0,,2010,0,0,0,0,,,0,,0,,0,0,,,,,,,7,250,0,0,0,0,218.0,0,0,75.0
Caleb Williams,0,Oklahoma,0.0,,10.1,2024,0,0,6,6,1317.0,6.39,9,4.5,5,2.5,199,130,65.3,44.7,47.0,20.0,137.0,6.6,1,1,0,0,9,5,215.0,4,2,73.0
Jayden Daniels,0,Arizona St.,0.0,,11.2,2024,0,0,6,6,1404.0,8.64,6,3.6,2,1.2,166,125,75.3,50.3,66.0,15.0,78.0,8.5,1,2,0,0,8,7,210.0,4,2,76.0
Drake Maye,0,North Carolina,0.0,,11.0,2024,0,0,2,1,265.0,5.73,3,7.3,2,4.9,41,24,58.5,40.4,40.0,6.0,47.0,6.5,1,3,0,0,12,4,225.0,0,1,76.0
Michael Penix,0,Indiana,,0.0,,2024,0,0,0,0,,,0,,0,,0,0,,,,,,,1,8,0,0,0,0,216.0,0,0,74.0
J.J. McCarthy,0,Michigan,,0.0,,2024,0,0,0,0,,,0,,0,,0,0,,,,,,,1,10,0,0,0,0,219.0,0,0,75.0
Spencer Rattler,0,Oklahoma,0.0,,11.0,2024,0,0,1,1,243.0,4.33,1,2.5,2,5.0,40,22,55.0,35.6,41.0,5.0,21.0,6.1,5,150,0,0,11,4,211.0,0,1,72.0
Jordan Travis,0,Louisville,,0.0,,2024,0,0,0,0,,,0,,0,,0,0,,,,,,,5,171,0,0,0,0,200.0,0,0,73.0
Joe Milton,0,Michigan,,0.0,,2024,0,0,0,0,,,0,,0,,0,0,,,,,,,6,193,0,0,0,0,246.0,0,0,77.0
Devin Leary,0,North Carolina St.,,0.0,,2024,0,0,0,0,,,0,,0,,0,0,,,,,,,6,218,0,0,0,0,216.0,0,0,73.0
Michael Pratt,0,Tulane,,0.0,,2024,0,0,0,0,,,0,,0,,0,0,,,,,,,7,245,0,0,0,0,217.0,0,0,74.0
Bryce Young,0,Alabama,6.0,,9.1,2023,0,2,3,18,3180.0,4.77,11,1.9,13,2.2,590,350,59.3,35.8,48.0,69.0,520.0,5.4,1,1,0,0,10,4,204.0,2,16,70.0
C.J. Stroud,0,Ohio St.,14.0,,12.3,2023,0,2,6,21,5685.0,8.4,33,4.7,9,1.3,707,461,65.2,46.3,75.0,54.0,455.0,8.0,1,2,['1x Pro Bowl'],0,7,6,218.0,14,7,75.0
Anthony Richardson,0,Florida,3.0,,13.8,2023,0,2,4,8,1231.0,6.43,6,3.7,7,4.3,161,89,55.3,40.1,60.0,11.0,59.0,7.6,1,4,0,0,6,6,244.0,4,4,76.0
Will Levis,0,Penn St.,6.0,,10.8,2023,0,2,5,14,2507.0,5.98,13,3.4,11,2.9,380,232,61.1,37.4,61.0,43.0,286.0,6.6,2,33,0,0,10,5,229.0,4,10,76.0
Hendon Hooker,0,Virginia Tech,0.0,,19.0,2023,0,0,1,0,0.0,19.0,0,0.0,0,1.0,50,2,19.0,19.0,9.5,9.0,33.33,9.5,3,68,0,0,3,3,220.0,1,0,75.0
Jake Haener,0,Washington,0.0,,5.7,2023,0,0,3,0,0.0,8.5,0,0.0,0,2.0,25,8,17.0,11.0,2.1,0.0,0.0,2.13,4,127,0,0,2,2,200.0,2,0,73.0
Stetson Bennett,0,Jones County JC,,0.0,,2023,0,0,0,0,,,0,,0,,0,0,,,,,,,4,128,0,0,0,0,190.0,0,0,71.0
Aidan O'Connell,0,Purdue,6.0,,10.1,2023,0,2,3,11,2621.0,6.01,14,3.4,9,2.2,415,259,62.4,44.3,50.0,27.0,201.0,6.3,4,135,0,0,6,5,210.0,5,6,75.0
Clayton Tune,0,Houston,0.0,,5.2,2023,0,2,1,1,62.0,-1.33,0,0.0,2,9.5,21,12,57.1,17.9,14.0,7.0,41.0,3.0,5,139,0,0,25,0,220.0,0,1,75.0
Dorian Thompson-Robinson,0,UCLA,1.0,1.0,7.3,2023,0,0,8,3,440.0,2.5,1,0.9,4,3.6,112,60,53.6,35.6,23.0,6.0,60.0,3.9,5,140,0,0,5,3,203.0,1,2,74.0
Sean Clifford,0,Penn St.,0.0,0.0,0.0,2023,0,0,2,0,0.0,0.0,0,-1.0,1,0.0,0,-2,0.0,0.0,0.0,0.0,1.0,0.0,5,149,0,0,0,0,218.0,3,0,74.0
Jaren Hall,0,BYU,1.0,1.0,12.9,2023,0,0,3,2,168.0,6.15,0,0.0,1,5.0,20,13,65.0,37.5,47.0,4.0,28.0,8.4,5,164,0,0,16,5,207.0,1,1,72.0
Tanner McKee,0,Stanford,,0.0,,0,0,0,0,0,,,0,,0,,0,0,,,,,,,0,0,0,0,0,0,228.0,0,0,78.0
Max Duggan,0,TCU,,0.0,,2023,0,0,0,0,,,0,,0,,0,0,,,,,,,7,239,0,0,0,0,207.0,0,0,73.0
Kenny Pickett,0,Pittsburgh,13.0,13.0,10.0,2022,0,2,25,24,4474.0,5.82,13,1.8,13,1.8,713,446,62.6,42.3,72.0,50.0,355.0,6.3,1,20,0,0,6,5,220.0,14,10,75.0
Desmond Ridder,0,Cincinnati,12.0,12.0,11.0,2022,0,2,19,17,3544.0,6.53,14,2.8,12,2.4,503,322,64.0,44.9,71.0,40.0,230.0,7.0,3,74,0,0,7,6,207.0,8,9,75.0
Matt Corral,0,Mississippi,,0.0,,2022,0,0,0,0,,,0,,0,,0,0,,,,,,,3,94,0,0,0,0,205.0,0,0,74.0
Bailey Zappe,0,Houston Christian,2.0,2.0,10.7,2022,0,2,14,8,2053.0,5.7,11,3.6,12,3.9,304,192,63.2,38.8,53.0,31.0,231.0,6.8,4,137,0,0,9,5,215.0,4,4,73.0
Sam Howell,0,North Carolina,12.0,12.0,10.3,2022,0,2,18,18,4115.0,5.65,22,3.5,22,3.5,631,399,63.2,42.2,52.0,68.0,460.0,6.5,5,144,0,0,9,5,220.0,5,13,73.0
Chris Oladokun,0,South Florida,,0.0,,2022,0,0,0,0,,,0,,0,,0,0,,,,,,,7,241,0,0,0,0,213.0,0,0,73.0
Skylar Thompson,0,Kansas St.,2.0,,8.9,2022,0,2,2,3,721.0,4.39,1,0.7,3,2.2,138,81,58.7,36.7,32.0,12.0,84.0,5.2,7,247,0,0,8,4,210.0,1,2,74.0
Brock Purdy,0,Iowa St.,24.0,,13.4,2022,0,3,6,27,7283.0,9.37,53,6.6,19,2.4,799,543,68.0,52.9,76.0,51.0,290.0,9.1,7,262,['1x Pro Bowl'],0,6,8,220.0,20,7,73.0
Trevor Lawrence,8251,Clemson,34.0,,10.6,2021,0,4,6,56,13104.0,6.46,66,3.4,42,2.2,1941,1232,63.5,46.2,85.0,109.0,763.0,6.8,1,1,['1x Pro Bowl'],0,5,6,220.0,21,35,78.0
Zach Wilson,0,BYU,13.0,14.0,11.1,2021,0,3,34,33,6293.0,5.67,23,2.3,25,2.5,993,566,57.0,37.0,79.0,113.0,885.0,6.3,1,2,0,0,10,4,214.0,12,21,74.0
Trey Lance,0,North Dakota St.,4.0,4.0,14.2,2021,0,2,8,4,797.0,7.47,5,4.9,3,2.9,102,56,54.9,37.0,76.0,6.0,24.0,7.8,1,3,0,0,5,7,226.0,2,2,76.0
Justin Fields,0,Georgia,34.0,,11.4,2021,0,4,6,44,7780.0,6.52,45,4.0,31,2.8,1118,684,61.2,38.5,64.0,151.0,1032.0,7.0,1,11,0,0,11,5,227.0,14,30,75.0
Kyle Trask,0,Florida,0.0,,5.8,2021,0,3,1,0,0.0,7.7,0,0.0,0,1.0,30,10,23.0,9.0,2.3,0.0,0.0,2.3,2,64,0,0,2,2,236.0,3,0,77.0
Kellen Mond,0,Texas A&M,0.0,0.0,5.0,2021,0,0,1,0,0.0,2.5,0,0.0,0,0.0,66,3,5.0,6.0,1.7,0.0,0.0,1.67,3,66,0,0,1,1,212.0,2,0,75.0
Davis Mills,0,Stanford,15.0,,10.4,2021,0,4,2,26,6034.0,6.06,35,3.8,25,2.7,925,580,62.7,41.4,67.0,65.0,470.0,6.5,3,67,0,0,6,5,225.0,5,19,76.0
Ian Book,0,Notre Dame,0.0,0.0,11.3,2021,0,0,1,1,135.0,2.25,0,0.0,2,10.0,20,12,60.0,28.6,56.0,8.0,54.0,6.8,4,133,0,0,28,2,212.0,0,1,72.0
Sam Ehlinger,0,Texas,2.0,2.0,9.0,2021,0,3,8,3,573.0,4.93,3,3.0,3,3.0,101,64,63.4,40.9,47.0,14.0,87.0,5.7,6,218,0,0,12,4,225.0,0,3,74.0
Joe Burrow,8251,Ohio St.,44.0,,10.9,2020,0,5,6,58,15661.0,7.67,109,5.2,39,1.9,2096,1432,68.3,48.5,82.0,163.0,1120.0,7.5,1,1,['1x Pro Bowl'],0,7,6,215.0,31,26,76.0
Tua Tagovailoa,8251,Alabama,38.0,,11.6,2020,0,5,2,53,13122.0,7.64,83,4.9,40,2.4,1700,1136,66.8,49.7,84.0,94.0,647.0,7.7,1,5,['1x Pro Bowl'],0,5,6,225.0,33,20,73.0
Justin Herbert,8251,Oregon,52.0,,10.7,2020,0,5,5,67,18038.0,7.26,120,4.7,43,1.7,2547,1693,66.5,47.6,72.0,139.0,916.0,7.1,1,6,['1x Pro Bowl'],0,5,6,236.0,33,34,78.0
Jalen Hurts,8251,Alabama,56.0,,11.7,2020,0,5,5,56,12958.0,7.32,73,4.2,38,2.2,1735,1106,63.7,45.2,91.0,127.0,753.0,7.5,2,53,['2x Pro Bowl'],0,6,6,223.0,37,19,73.0
Jacob Eason,0,Georgia,0.0,0.0,42.0,2020,0,2,2,0,0.0,16.8,0,2.0,20,4.0,50,10,84.0,49.0,8.4,0.0,0.0,-0.6,4,122,0,0,8,0,231.0,5,0,78.0
James Morgan,0,Bowling Green,,0.0,,2020,0,0,0,0,,,0,,0,,0,0,,,,,,,4,125,0,0,0,0,229.0,0,0,76.0
Jake Fromm,0,Georgia,1.0,1.0,7.8,2020,0,0,3,2,210.0,1.58,1,1.7,3,5.0,60,27,45.0,27.3,36.0,6.0,33.0,3.5,5,167,0,0,9,2,215.0,0,2,74.0
Jake Luton,0,Idaho,2.0,2.0,10.4,2020,2020,0,3,3,624.0,3.58,2,1.8,6,5.5,110,60,54.5,41.0,73.0,7.0,52.0,5.7,6,189,0,0,5,4,224.0,0,3,78.0
Cole McDonald,0,Hawaii,,0.0,,2020,0,0,0,0,,,0,,0,,0,0,,,,,,,7,224,0,0,0,0,215.0,0,0,75.0
Ben DiNucci,0,Pittsburgh,1.0,1.0,9.5,2020,0,0,3,1,219.0,5.09,0,0.0,0,0.0,43,23,53.5,34.0,32.0,7.0,73.0,5.1,7,231,0,0,14,2,215.0,0,1,74.0
Tommy Stevens,0,Penn St.,0.0,0.0,0.0,2020,2020,0,1,0,100.0,0.0,10,6.0,24,4.0,0,24,2.0,0.0,0.0,24.0,0.0,0.0,7,240,0,0,0,0,235.0,4,0,77.0
Nate Stanley,0,Iowa,,0.0,,2020,0,0,0,0,,,0,,0,,0,0,,,,,,,7,244,0,0,0,0,235.0,0,0,76.0
